Id,日期,区域,调温工时,拆装工时,合熔工时,取棒工时,首投化料效率,复投化料效率,成活率,断线率,整棒率,成晶率,引晶长度,引晶平均拉速,放肩时间,放肩长度,加料效率,复投次数,稳定时间,引晶开始CCD亮度值,引晶结束CCD亮度值,熔接CCD亮度值,稳定CCD亮度值,引晶后50长拉速,进等功率,等径液口距,放肩结束功率,放肩降温量,前天产量,昨天产量,今天产量,投料量,引晶开始功率,引晶结束功率,引晶开始液口距,引晶结束液口距
570,2022/9/3,B1,119.1,425.6,0,82.3,67.6035,79.24,82.3529,39.5833,40,137.652,197.5,0,130.3,123.06,77.21,17,35.18,53.46,53.18,61.99,56.65,4.46,52.41,19.16,51.23,6.36,8589.09,4939.93,8204.03,5960,59.29,59.17,29.13,27.58
571,2022/9/3,A2,118.1,317,113.3,96.8,74.7765,83.1,96,33.3333,51.4286,67.4516,192.21,4.57,132,141.88,82.83,23,42.03,56.67,58.83,67.79,60.99,4.4,49.55,19.50,59.7,7.55,6065.83,6867.07,5281.46,7830,58.58,57.44,31.65,31.05
572,2022/9/3,A1,136.8,473.6,18.9,97.2,73.5685,74.65,80.6452,33.3333,60.7143,78.37,191.83,4.46,127.5,137.66,74.57,22,35.58,57.59,59.01,67.98,60.14,34.14,50.86,19.45,49,6.69,4419.85,6818.65,5360.51,6840,59.35,57.75,32.4,30.96
574,2022/9/4,B1,125.9,401.2,49.2,94.8,62.3486,69.46,74.4681,62.5,35.2941,74.7043,188.06,0,115.9,124.94,68.05,21,39.33,51.32,51.06,59.99,54.65,4.58,51.63,19.39,51.27,3.83,4939.93,8204.03,5274.12,7060,60.08,59.48,27.44,27.08
575,2022/9/4,A2,158.5,379.7,90.8,100.5,61.6217,77.3,84.8485,31.25,44.8276,106.285,164.08,4.61,135.1,144.29,73.6,18,36.46,57.89,59.14,69.4,60.99,4.4,50.34,19.69,47.3,8.33,6867.07,5281.46,6674.69,6280,57.28,57.11,32.65,31.95
576,2022/9/4,A1,147.2,414.2,42.9,102.7,64.1469,75.2,77.7778,39.5833,48.4848,104.82,191.58,4.57,128.9,134.06,73.48,22,37.29,58.49,60.17,69.04,61.42,35.28,50.87,19.26,48,6.63,6818.65,5360.51,7641.36,7290,58.06,58.54,31.69,32.69
578,2022/9/5,B1,109.2,421.1,36.2,81.9,69.3302,75.92,85.7143,33.3333,42.3077,111.054,198.13,0,128.6,125.06,73.43,16,36.62,50.66,53.3,57.57,54.00,4.39,52.22,19.30,59.14,3.64,8204.03,5274.12,5275.06,4750,58.94,59.77,28.07,28.56
579,2022/9/5,A2,129.3,454,53.4,102.8,59.8932,79.13,91.6667,39.5833,50,79.2188,198.24,4.73,137.6,141.76,75.53,22,42.25,57.18,59.09,68.69,60.96,4.53,51.43,19.58,60.1,7.94,5281.46,6674.69,5347.27,6750,59.34,58.42,31.67,31.57
580,2022/9/5,A1,131.7,436.4,141.1,92.3,55.1056,80.11,100,39.5833,38.7097,114.704,189.02,4.36,134.8,136.74,75.11,16,39.7,58.46,59.21,67.08,61.25,4.16,51.41,19.48,48,6.61,5360.51,7641.36,6171.05,5380,58.33,58.29,32.52,31.92
582,2022/9/6,B1,131.2,372,82.9,90.9,65.5218,72.51,71.875,33.3333,50,63.5131,197.63,0,126.5,131.74,71.33,23,38.87,51,50.93,59.94,54.23,4.51,52.38,19.40,45.38,7.52,5274.12,5275.06,5100.1,8030,59.2,59.8,28.42,28.06
583,2022/9/6,A2,132.1,529.1,100.5,96.1,61.6917,79.6,82.6087,27.0833,47.619,129.262,191,4.68,128,138.26,73.5,17,37.5,58.16,59.14,69.53,61.18,4.56,49.71,19.48,45,6.63,6674.69,5347.27,6682.82,5170,57.42,57.33,31.86,32.39
584,2022/9/6,A1,119.4,395.1,96.4,90.9,66.7068,77.11,81.8182,39.5833,43.3333,84.1971,199.27,4.52,128.5,137.48,73.54,21,38.46,57.82,59.56,69.12,60.68,32.8,50.92,19.48,58.5,7.97,7641.36,6171.05,5253.9,6240,58.53,59.07,31.28,32.73
586,2022/9/7,B1,111.1,526.7,309.2,174.5,63.4624,77.72,65.2174,62.5,39.2857,104.992,199.67,0,126.3,126.46,75.28,19,40.71,51.7,51.66,60.35,55.07,4.61,51.27,18.98,50.46,6.54,5275.06,5100.1,7128.94,6790,60.17,58.91,28.95,27.9
587,2022/9/7,A2,132.3,269.5,83.7,95.7,68.6174,76.73,86.4865,37.5,37.5,88.5595,194.98,4.75,132.8,132.52,75.4,24,48.61,56.46,57.86,68.21,61.29,4.64,51.62,19.89,51.5,6.65,5347.27,6682.82,7571.84,8550,58.39,57.88,32.33,32.15
588,2022/9/7,A1,136.9,422,68.4,92.9,69.5803,77.71,80.5556,45.8333,41.3793,120.354,193.71,4.71,123,164.83,75.51,19,38.12,57.88,59.01,69.09,61.13,4.63,51.19,19.45,55.75,1.95,6171.05,5253.9,7317.54,6080,58.88,59.02,32.23,31.66
590,2022/9/8,B1,130.4,39.5,37,92.1,61.6019,68.05,71.0526,54.1667,24,110.03,188.64,0,127.1,124.33,67.09,20,34.35,51.5,52.77,60.17,54.67,4.65,52.42,19.30,46.45,8.05,5100.1,7128.94,5864.58,5330,60.18,61.3,29.33,29.94
591,2022/9/8,A2,143.1,959.6,66.3,93.2,49.829,74.35,81.0811,52.0833,25.8065,103.671,188.72,4.68,135.1,138.19,65.96,20,41.24,57.8,58.95,67.61,60.87,42.59,50.03,19.45,51,6.65,6682.82,7571.84,6292.81,6070,58.28,58.78,32.04,32.32
592,2022/9/8,A1,144.4,281.9,59.7,95.5,68.7572,71.25,92.1053,54.1667,23.5294,50.0256,187.98,4.59,127.9,134.4,70.83,29,36.56,57.63,59.55,69.2,60.63,4.07,52.09,19.67,50.02,6.91,5253.9,7317.54,4287.19,8570,60.03,59.65,32.9,33.77
594,2022/9/9,B1,120.7,847.6,96.3,86.3,59.3298,75.29,69.4444,37.5,30.4348,79.3995,198.21,0,129,130.22,74.1,20,37.42,51.1,52.9,59.34,54.33,4.51,51.22,19.16,47,8.28,7128.94,5864.58,6002.6,7560,59.54,57.7,27.98,26.92
595,2022/9/9,A2,150.6,641,35.5,95.2,63.9341,79.35,76.9231,43.75,40.7407,93.1806,195.03,4.65,136.6,152.27,77.97,19,39.63,56.75,58.27,68.65,60.19,4.52,52.19,19.67,48.5,6.68,7571.84,6292.81,6336.28,6800,58.79,59.46,32.1,31.17
596,2022/9/9,A1,131.6,400.5,102.3,90.7,63.4706,74.27,87.5,31.25,37.5,143.437,190.11,4.76,128.4,131.43,73.02,14,37.46,57.84,60.01,68.7,60.84,4.48,51.3,19.39,49.7,6.78,7317.54,4287.19,6712.87,4680,59.13,58.31,32.28,29.4
598,2022/9/10,B1,127.8,276.1,127.5,97.7,68.4621,67.79,72.2222,35.4167,37.5,76.329,193.09,0,125.2,127.85,67.85,23,39.19,51.66,50.83,60.45,55.02,4.32,53.44,19.15,52.57,6.52,5864.58,6002.6,5572.02,7300,58.09,59.34,28.25,28.98
599,2022/9/10,A2,135.7,365.1,101.1,110.3,69.7645,80.39,93.3333,43.75,27.2727,83.8718,196.56,4.71,127.8,126.21,79.66,21,32.9,58.7,60.38,70.36,61.90,4.54,51.86,19.59,54.8,7.97,6292.81,6336.28,6424.58,7660,60.51,58.87,30.98,33.1
600,2022/9/10,A1,138.8,241.5,83.5,94,67.9784,74.05,88.2353,45.8333,37.8378,71.344,191.14,4.46,130.2,136.26,73.51,25,35.88,58.23,58.58,69,60.63,4.37,51.36,19.52,60.05,6.77,4287.19,6712.87,6064.24,8500,58.62,59.4,30.72,31.77
602,2022/9/11,B1,110.3,305.4,67.6,89.2,63.5611,73.88,63.3333,33.3333,38.4615,110.276,197.27,0,124.6,127.82,71.69,19,34.61,50.75,53.68,59.08,53.81,4.52,51.72,19.26,55,6.79,6002.6,5572.02,7322.34,6640,59.19,60.14,28.73,28.74
603,2022/9/11,A2,155.4,347.1,77.2,95.7,61.1903,79.96,86.2069,20.8333,45.8333,92.1594,193.32,4.65,127.4,136.02,77.64,21,45.97,57.33,56.81,68.95,61.38,4.46,52.06,19.75,60.65,7.97,6336.28,6424.58,7188.43,7800,58.03,60.58,32.38,32.55
604,2022/9/11,A1,141.8,145.6,65,90.1,66.5418,74.25,74.2857,43.75,27.2727,119.249,188.26,4.51,128.5,133,73.02,14,41.06,57.36,58.68,68.56,60.39,27.67,51.06,19.41,54.43,6.64,6712.87,6064.24,6069.78,5090,58.67,58.33,31.01,30.98
607,2022/9/12,A2,144.6,250.5,71.4,98.6,70.2335,81.75,81.0811,27.0833,51.8519,64.5285,186.62,4.68,135.9,142.33,80.37,26,41.41,57.89,59.09,69.53,61.73,4.37,52.03,19.66,62.73,8.81,6424.58,7188.43,5659.15,8770,60.26,58.57,31.92,32.19
608,2022/9/12,A1,133,262,47.2,94.8,68.0716,74.07,80.6452,33.3333,46.6667,65.2147,195.19,4.66,132.1,132.79,73.51,24,35.55,59.84,61.47,70.27,62.50,4.38,51.62,19.66,50.08,6.99,6064.24,6069.78,5236.74,8030,59.45,59.17,29.95,29.05
610,2022/9/13,B1,145.9,0,0,90.3,68.8514,73.1,88.4615,25,47.8261,97.4457,69.56,4.82,128.5,128.94,72.82,17,42,50.63,50.96,58.61,53.52,4.54,51.86,19.34,56.8,6.79,7322.34,6921.85,5739.55,5890,60.76,58.5,29.04,27.99
611,2022/9/13,A2,131.6,229.3,43.9,99,73.4824,81.63,90.625,43.75,43.75,117.359,191.63,4.84,125.7,144.22,81.3,17,41.09,57.15,57.94,69.08,60.39,4.4,50.46,19.69,50,7.45,7188.43,5659.15,7346.67,6260,59.26,59.29,32.31,32.03
612,2022/9/13,A1,149.2,335,24.5,94,67.4274,75.81,73.8095,50,27.5862,92.9619,185.45,4.48,127.9,131.55,74.6,22,42.28,58.05,59.2,69.25,60.85,4.1,51.48,19.63,54.47,6.59,6069.78,5236.74,6907.07,7430,57.37,58.7,30.42,30.95
614,2022/9/14,B1,120,867,38.8,89.7,0,74.42,70.5882,25,53.5714,84.0212,194.55,4.47,131.2,127.76,74.42,25,34.58,51.31,54.02,62.33,56.62,4.25,51.53,18.95,58.97,4.74,6921.85,5739.55,8250.88,9820,58.12,59.15,29.04,28.96
615,2022/9/14,A2,131.9,248,58.1,99.1,58.8141,81.34,80.6452,33.3333,51.8519,62.2025,181.07,4.45,133.8,139.34,77.82,24,39.14,57.7,59.84,68.98,61.20,4.23,52.22,20.02,60.85,8.5,5659.15,7346.67,5374.3,8640,58.66,58.61,33.29,32.46
616,2022/9/14,A1,127.8,279.3,62.7,93.1,65.419,76.91,87.0968,37.5,39.2857,64.8488,193.67,4.55,136.7,135.56,75.1,23,36.85,58.53,61.3,69.45,61.83,4.28,50.08,19.20,64.5,9.24,5236.74,6907.07,4584.81,7070,58.92,58.16,29.89,28.97
617,2022/9/15,B2,120.4,325.5,50.4,94.8,66.7105,69.04,66.6667,37.5,26.6667,91.1792,197.49,4.84,133.4,130.47,68.9,18,26.5,1448.33,1449.22,1460.1,1454.37,4.57,53.39,19.67,48.3,7.6,5247.58,5478.07,4823.38,5290,61.12,60.98,9.32,21.41
618,2022/9/15,B1,125.2,371.5,70.5,87.6,62.652,74.32,74.4186,54.1667,29.1667,94.0392,191.24,4.65,127.3,131.3,73.04,22,42.43,51.05,51.98,58.04,54.07,4.58,53.52,19.17,54.9,8,5739.55,8250.88,6817.84,7250,60.76,60.79,29.61,29.53
619,2022/9/15,A2,149.1,0,0,94.2,64.297,84.64,72.973,33.3333,44.4444,119.522,191.11,4.48,128.7,135.85,82.4,16,48.37,57.38,57.58,69.68,61.60,4.31,50.66,19.55,43.9,6.79,7346.67,5374.3,7087.64,5930,59.61,60.1,31.73,32.57
620,2022/9/15,A1,133.5,0,0,94.2,63.2786,73.06,81.0811,45.8333,44.1176,81.8426,196.37,4.4,133.9,137.53,72.75,24,43.97,58.59,58.24,69.06,60.88,4.29,51.58,19.58,49.6,6.84,6907.07,4584.81,6874.78,8400,59.27,58.8,30.21,29.48
621,2022/9/16,B2,112.4,355.1,83.6,95.7,61.6156,74.63,85.2941,39.5833,44.4444,100.855,198.08,4.92,126.8,133.72,72.29,23,23.72,1448.81,1448.95,1460.91,1453.12,4.69,52.65,19.67,57.3,6.2,5478.07,4823.38,7362.4,7300,60.2,60.53,25.5,28.66
622,2022/9/16,B1,119.3,350.4,50.2,87,73.1469,77.12,72.4138,33.3333,46.1538,98.3587,193.41,4.66,133.2,128.05,76.98,19,36.22,53.75,53.4,62.84,57.35,4.47,52.4,19.43,49.7,6.89,8250.88,6817.84,7278.54,7400,59.95,59.93,29.69,29.43
623,2022/9/16,A2,122.3,364.7,68.2,103.4,58.2349,82.19,77.2727,16.6667,66.6667,71.3882,190.88,4.66,135.2,139.34,77.8,20,43.35,57.79,58.77,70.34,61.86,4.6,52.55,19.77,59.2,8.06,5374.3,7087.64,5311.28,7440,59,58.8,32.8,31.85
624,2022/9/16,A1,132.8,386.6,71.1,93.3,59.5341,74.43,83.871,29.1667,54.1667,106.251,198.42,4.34,129.2,129.86,73.78,18,42.82,58.32,60.42,69.73,61.78,4.51,51.19,19.40,63.5,8.23,4584.81,6874.78,6885.07,6480,59.68,60.77,30.78,31.52
625,2022/9/17,B2,117.9,353.3,52.2,100.6,59.3062,71.76,70,37.5,41.6667,73.5062,192.58,5.24,125.9,127.07,68.08,19,31.95,1447.91,1448.63,1460.49,1452.89,4.58,52.11,19.34,54.4,7.1,4823.38,7362.4,4535.33,6170,60.67,60.72,28.95,27.65
626,2022/9/17,B1,140.8,0,0,94,62.496,76.7,82.3529,27.0833,48,84.448,192.84,4.66,122.3,117.53,76.16,23,45.42,51.37,51.48,60.02,54.67,4.6,52.82,19.15,45.87,7.52,6817.84,7278.54,7372.31,8730,59.95,60.12,29.95,30.36
627,2022/9/17,A2,130.6,349.5,100.8,100.4,61.7634,79.2,82.5,41.6667,36.6667,69.5794,196.72,4.7,131,137.73,77.02,22,39.51,57.87,58.44,70.03,61.03,4.49,49.97,20.54,51.1,7.06,7087.64,5311.28,5830.75,8380,57.93,58.14,32.72,32.94
628,2022/9/17,A1,143.7,251.7,79.2,94.5,67.4328,72.88,56.7568,39.5833,38.4615,59.4103,192.67,4.15,130.8,131.32,72.04,26,45.17,58.54,59.24,67.58,61.10,4.18,51.81,19.60,51.13,7.39,6874.78,6885.07,5174.64,8710,58.9,58.41,31.05,30.53
629,2022/9/18,B2,128.4,0,0,97.9,0,72.94,77.5,39.5833,53.8462,88.9227,195.58,4.86,128.7,128.48,72.94,27,32.44,1448.21,1448.79,1458.6,1453.30,4.64,52.71,19.52,53.6,6.9,7362.4,4535.33,8278.7,9310,59.74,59.67,28.53,28.35
630,2022/9/18,B1,122.2,615,47.9,86.2,73.5956,77.67,67.8571,29.1667,46.1538,98.7402,193.58,4.66,132.6,125.87,77.36,19,43.57,52,54.24,60.23,55.01,4.48,51.84,19.30,49.02,6.87,7278.54,7372.31,6734.08,6820,59.48,59.03,30.39,30.66
632,2022/9/18,A1,130.4,457.3,53.5,95.5,73.3959,71.74,81.5789,50,48.2759,95.9435,193.32,4.54,131.9,130.67,71.85,22,41.34,58.24,59.64,69.25,61.26,4.23,52.31,19.47,49,6.59,6885.07,5174.64,7435.62,7750,59.28,58.16,31.46,31.64
633,2022/9/19,B2,129.1,169.9,27,96.3,0,73.06,88.4615,16.6667,50,110.172,187.71,4.89,122.7,126.44,73.06,15,24.42,1448.37,1449,1460.83,1452.42,4.6,52.36,19.49,53,6,4535.33,8278.7,5365.38,4870,59.72,59.35,27.88,28.21
634,2022/9/19,B1,144.4,420.3,66.1,89.2,57.4758,75.8,86.4865,33.3333,55.5556,102.214,197.06,4.66,129.5,131.57,73.26,19,41.03,52.86,53.24,61.74,56.30,4.68,53.51,19.34,50.96,4.74,7372.31,6734.08,7246.95,7090,60.42,61.18,29.85,29.97
635,2022/9/19,A2,126.7,185.2,51.5,97.5,58.5851,75.72,83.7838,43.75,37.931,82.007,197.96,4.63,128.1,136.39,72.74,22,43.79,56.6,58.46,68.54,60.46,4.48,50.47,19.56,46,6.8,5830.75,7711.24,5961.91,7270,58.15,58.13,32.52,33.09
636,2022/9/19,A1,193.3,322,76.7,94.4,71.6046,73.26,81.8182,47.9167,40,49.5469,196.73,4.48,129.4,135.91,73.16,22,39.85,58.87,60.42,70.32,62.16,4.45,52.58,19.57,45.4,10.72,5174.64,7435.62,3874.57,7820,59.31,58.95,31.75,31.72
637,2022/9/20,B2,142.6,159.3,49.8,102.5,63.67,74.29,81.8182,29.1667,60.7143,77.0689,194.85,5.18,125.3,130.56,73.35,27,25.06,1448.37,1449.1,1460.47,1453.32,4.75,52.43,19.48,54.5,7.5,8278.7,5365.38,7706.89,10000,60.18,59.26,28.65,25.8
638,2022/9/20,B1,115.6,244.7,42.8,89.6,72.2054,75.78,70.3704,29.1667,41.6667,98.9424,200.84,4.66,130.4,131.34,75.21,18,41.74,52.71,52.31,61.42,56.04,4.39,52.96,19.32,53.8,6.99,6734.08,7246.95,5807.92,5870,61.63,59.01,31.25,30.46
639,2022/9/20,A2,145.7,403.6,74.2,101.4,63.6757,77.47,83.7838,39.5833,37.037,83.7751,195.75,4.7,139.6,138.59,76.17,29,48.24,56.4,58.05,68.63,60.66,4.39,51.36,19.67,47,6.81,7711.24,5961.91,7891.61,9420,58.08,59.14,32.52,31.9
640,2022/9/20,A1,136.1,142.1,30.3,93.4,79.669,74.81,90,25,50,102.343,196.48,4.5,129.8,125.1,74.95,22,39.77,58.81,59.24,69.19,61.59,4.41,51.04,19.50,50.7,6.56,7435.62,3874.57,7696.23,7520,57.46,57.68,32.84,34.52
641,2022/9/21,B2,155,200.1,73.9,96.2,66.6014,72.33,85.7143,31.25,39.1304,101.992,196.54,4.81,128.1,124.21,71.75,17,26,1448.31,1448.97,1460.02,1452.86,4.79,52.41,19.51,54.2,7.6,5365.38,7706.89,5527.99,5420,59.71,61,26.15,27.44
642,2022/9/21,B1,127.1,273.6,55.6,96.6,66.7729,72.81,60.5263,39.5833,47.8261,74.1031,199.92,4.66,127.1,127.72,71.24,26,36.91,50.89,52.35,59.33,53.87,4.55,51.78,19.28,47.68,6.52,7246.95,5807.92,6039.4,8150,59.12,58.73,29.97,29.5
643,2022/9/21,A2,136.9,163.6,102.3,95.8,65.9446,77.58,84.375,45.8333,27.2727,73.7189,192.08,4.54,131.4,142.66,76.65,24,46.78,56.91,58.7,68.32,60.32,4.55,50.97,19.49,50.2,6.27,5961.91,7891.61,4946.54,6710,59.24,59.23,32.5,33.36
644,2022/9/21,A1,137.7,293,69.5,97.3,0,73.35,86.6667,35.4167,41.3793,83.9755,196.34,4.52,135.1,139.49,73.35,22,46.06,58.13,60.35,68.91,60.77,4.29,51.7,19.53,50,6.36,3874.57,7696.23,6474.51,7710,59.34,59.7,33.59,31.58
645,2022/9/22,B2,131.5,214.7,63.9,99,62.7736,73,81.8182,29.1667,57.6923,76.0947,187.43,4.56,129,131.03,71.65,25,32,1448.65,1449.4,1460.2,1455.29,4.61,52.78,19.46,58.7,4.1,7706.89,5527.99,6178.89,8120,60.69,60.74,27.73,28.72
646,2022/9/22,B1,123.8,342,86.6,84.1,61.366,74.99,75.7576,43.75,22.2222,95.0653,193.64,4.66,126.2,126.35,71.6,18,39.07,53.26,53,62.01,56.70,4.6,52.71,19.26,49.23,6.47,5807.92,6039.4,5266.62,5540,59.78,58.76,29.21,27.87
647,2022/9/22,A2,120.5,240.1,45.8,96.5,77.8635,68.65,85.7143,58.3333,25.641,97.6647,192.71,4.68,132.9,137.02,68.95,20,44.03,57.22,57.98,69.11,61.16,4.53,50.83,19.63,51.37,7.7,7891.61,4946.54,6113.81,6260,58.87,57.98,32.17,31.39
648,2022/9/22,A1,136.3,240.2,69.3,95,64.6365,76.11,96.1538,31.25,37.5,100.595,199.04,4.48,127.1,128.57,74.09,24,42.38,58.9,60.56,70.04,61.78,4.31,50.99,19.22,49,6.59,7696.23,6474.51,6679.48,6640,58.78,58.58,32.7,32.81
650,2022/9/23,B1,127.2,820.1,71.4,87.9,61.1023,74.32,71.7949,37.5,48.1481,78.6742,200.24,1.62,122.8,122.07,73.13,20,37.47,50.88,51.41,59.57,54.10,4.66,50.92,19.13,47.66,6.04,6039.4,5266.62,5947.77,7560,57.94,58.7,29.24,29.27
651,2022/9/23,A2,143.8,181.1,49.9,95.5,52.0006,77.6,81.0811,47.9167,21.875,138.92,191.62,4.55,127.9,128.31,72.06,13,48.02,56.76,57.74,68.66,60.45,4.4,51.15,20.11,49.9,6.28,4946.54,6113.81,6223.63,4480,58.62,59.57,31.9,32.05
652,2022/9/23,A1,144.7,136.9,77.1,99,70.1145,74.54,89.1892,35.4167,33.3333,86.8929,194.82,4.43,134.6,138.28,73.57,22,49.32,56.92,57.43,68.05,59.79,4.24,51.62,19.59,53,6.63,6474.51,6679.48,5752.31,6620,58.42,58.88,33.12,32.66
653,2022/9/24,B2,119.8,395.4,61.5,98.6,63.4249,71.76,96,27.0833,45.1613,75.7893,195.32,4.89,134,133.94,70.63,19,26.58,1448.62,1449.33,1459.85,1453.38,4.28,52.58,19.47,50.2,7.5,6178.89,6988.57,4373.04,5770,59.85,58.83,28.96,27.46
654,2022/9/24,B1,144.5,303.4,67.4,81.2,70.2548,74.22,69.697,37.5,40,123.814,198.31,4.9,122.6,125.15,73.71,18,39.82,51.69,52.37,60.31,55.03,4.63,53.31,19.39,55.6,7.4,5266.62,5947.77,7032.66,5680,60.8,62.05,29.27,29.57
655,2022/9/24,A2,149.3,311.4,84,95,65.3603,76.28,85.2941,37.5,28.5714,72.9554,196.6,4.54,139.7,139.17,73.51,23,55.58,57.2,57.93,69.38,63.46,4.18,50.76,19.77,63.5,8.02,6113.81,6223.63,5311.15,7280,57.69,56.99,32.19,32
656,2022/9/24,A1,120.3,306.9,98.8,93.4,70.1015,74.96,83.7838,50,31.4286,84.025,196.17,4.58,130.8,136.14,74.17,19,41.6,57.77,59.86,68.71,60.97,4.2,51.31,19.61,51.5,6.63,6679.48,5752.31,5402.81,6430,58.05,58.78,31.05,30.93
657,2022/9/25,B2,132.4,436.2,81.3,102.7,58.2247,71,83.3333,27.0833,45.8333,82.0239,190.23,4.83,135.9,129.14,67.73,25,35.63,1448.98,1450.02,1460,1455.55,4.76,53.51,19.47,51.7,7.8,6988.57,4373.04,6438.88,7850,60.1,60.97,28.09,26.62
658,2022/9/25,B1,130.9,281.6,119.3,90.6,67.6084,75.6,86.6667,25,36,70.1797,193.31,4.8,123.3,123.91,74.02,20,38.47,50.77,51.73,59.04,53.84,4.5,51.54,19.26,49.63,6.57,5947.77,7032.66,4463.43,6360,59.59,58.52,28.94,29.14
659,2022/9/25,A2,147.2,306.6,109.5,94.9,60.6121,78.32,78.125,43.75,23.0769,65.57,185.55,4.38,139.7,145.59,73.7,22,42.21,55.78,57.4,67.74,59.62,4.29,51.86,19.59,64.6,7.77,6223.63,5311.15,4675.14,7130,58.29,60.09,32.32,31.27
660,2022/9/25,A1,147,513.4,56.2,93.3,64.4057,73.75,88.8889,52.0833,13.7931,97.6377,192.54,4.41,127.3,136.55,72.06,20,34.93,58.2,59.58,69.44,61.12,32.05,50.64,19.43,50.5,6.46,5752.31,5402.81,5594.64,5730,58.75,58.34,30.48,30.95
661,2022/9/26,B2,183.1,215.8,42.8,99.6,64.7551,65.62,82.7586,22.9167,45,76.6196,195.11,5.28,126.8,136.31,65.48,23,36.81,1448.64,1448.73,1459.6,1454.66,4.65,52.34,19.34,58.9,7.6,4373.04,6438.88,5792.44,7560,60.89,60.88,27.51,28.04
662,2022/9/26,B1,139.7,397.1,66,88.3,68.9655,69.65,78.7879,37.5,25,88.1558,196.03,4.71,135,130.96,69.59,22,41.03,52.67,53.62,61.44,56.06,4.57,53,19.38,50.4,6.5,7032.66,4463.43,6761.55,7670,59.35,59.73,29.7,29.42
663,2022/9/26,A2,167.9,393.3,54.3,98.4,66.9365,79.16,86.2069,22.9167,48.1481,65.5225,190.7,4.55,138.9,140.81,77.39,18,43.28,56.62,59.16,68.39,60.40,4.29,49.07,19.41,60,7.84,5311.15,4675.14,4134.47,6310,59.47,56.98,32.15,31.7
665,2022/9/27,B2,105.1,446.3,147.9,98.2,52.2935,73.63,76.6667,18.75,66.6667,73.3289,194.52,5.42,135.1,131.82,71.71,19,34.76,1448.42,1449.21,1460.29,1453.89,4.71,52.86,19.53,51.2,7.5,6438.88,5792.44,5015.7,6840,59.29,59.87,30.13,29.16
666,2022/9/27,B1,116.5,544.6,87.5,91.5,62.6666,73.93,84.375,29.1667,41.6667,75.6086,199.72,4.91,130.7,131.85,72.03,23,34.97,52.57,52.74,61.14,55.56,4.7,51.99,19.70,48.19,6.51,4463.43,6761.55,5806.74,7680,62.07,58.92,30.28,29.38
667,2022/9/27,A2,140.1,286.1,70.9,98.5,69.8675,72.94,78.9474,39.5833,43.3333,87.0012,187.87,4.6,136.2,138.3,72.54,29,44.94,57.35,57.79,68.42,61.25,4.44,50.67,19.58,50,8.44,4675.14,4134.47,7960.61,9150,57.35,58.16,31.47,30.77
668,2022/9/27,A1,143,148.3,81.3,95.5,60.2519,70.2,79.4118,39.5833,25.7143,60.0623,195.66,4.58,130.5,134.06,68.58,25,42.96,57.55,58.92,66.54,60.95,4.32,51.02,19.46,48.4,7.14,5594.64,5370.54,5033.22,8380,57.97,57.96,31.67,32.41
669,2022/9/28,B2,126.2,309,37.2,100.6,59.9295,74.33,77.4194,18.75,73.913,54.0902,199.63,5.33,140.2,134.48,73.14,27,32.23,1448.4,1448.66,1459.47,1453.89,4.76,52.98,19.46,52.8,8.9,5792.44,5015.7,5409.02,10000,61.79,61.15,27.25,28.84
670,2022/9/28,B1,112.6,243,50,83.5,83.6767,74.52,58.9744,45.8333,48,70.1006,202.29,4.7,133.2,135.99,74.73,22,36.85,51.76,51.06,60.08,54.83,4.53,51.65,19.53,49.67,7.53,6761.55,5806.74,5916.49,8440,58.73,58.69,29.05,27.08
671,2022/9/28,A2,173.3,319.1,109.9,94.7,74.9502,71.8,68.9655,29.1667,50,88.9407,194.84,4.67,135.4,141.2,72.13,19,44.89,57.41,58.38,69.24,61.39,4.5,51.99,19.93,48.6,6.35,4134.47,7960.61,5621.05,6320,57.84,57.97,32.17,32.21
672,2022/9/28,A1,135.9,307.4,55.4,94.2,70.0854,73.45,84.375,33.3333,26.087,106.329,194.87,4.5,132.1,139.35,72.52,20,44.71,58.19,59.58,69.74,61.59,4.4,51.54,19.70,47.7,10.02,5370.54,5033.22,5518.48,5190,58.32,58.64,32.45,31.88
673,2022/9/29,B2,112.7,217.2,44.3,81.6,57.5581,74.44,80,22.9167,65.5172,110.922,197.44,5.22,135.7,145.71,73.82,21,36.58,1448.43,1448.76,1459.92,1454.64,4.68,52.23,19.82,53.1,7.9,5015.7,5409.02,8463.38,7630,59.93,60.84,28.88,27.69
674,2022/9/29,B1,114.1,251.4,41.9,73,64.8699,72.07,84.2105,31.25,53.8462,76.2529,200.98,4.73,133.7,137.26,71.69,25,38.16,50.8,52.19,59.42,54.08,4.59,52.06,19.61,46.48,7.51,5806.74,5916.49,7297.4,9570,58.44,59.17,29.23,29.67
675,2022/9/29,A2,139.6,277.5,43,82.1,62.7103,79.05,93.75,18.75,60.7143,64.771,197.86,4.77,135.7,141.97,76.76,24,35.92,55.89,57.41,67.46,59.43,4.36,48.81,19.92,51.3,7.57,7960.61,5621.05,5842.34,9020,56.85,56.75,32.13,32.23
676,2022/9/29,A1,139.6,367,66.2,82.1,65.7547,75.53,77.4194,25,61.7647,39.3383,197.26,4.6,128.4,139.52,73.52,30,41.36,56.56,58.79,67.61,60.21,4.52,50.08,20.42,46.5,7.55,5033.22,5518.48,4181.66,10630,58.94,57.86,32.97,32.43
677,2022/9/30,B2,126.2,358.1,69.1,82.9,56.4879,72.64,88.8889,22.9167,67.8571,52.3808,202.61,5.42,140.4,101.7,71.47,21,36.84,1447.97,1447.88,1460.43,1455.65,4.73,51.63,20.67,51.9,7.5,5409.02,8463.38,4200.94,8020,61.1,61.51,27.79,28.46
678,2022/9/30,B1,121.3,0,0,72.5,54.3601,75.12,74.2857,31.25,58.6207,54.7099,203.58,4.8,128,130.02,74.18,23,36.36,51.79,51.69,60.02,54.69,4.61,50.65,19.47,55.95,6.55,5916.49,7297.4,4650.34,8500,58.46,58.62,29.32,27.39
680,2022/9/30,A1,145.9,0,0,77.6,63.879,77.4,81.0811,33.3333,36.8421,102.108,198.61,4.68,125.1,132.71,76.81,17,36.27,57.89,59.13,69.44,61.54,4.6,49.44,21.20,48.5,6.55,5518.48,4181.66,6514.52,6380,57.82,57.66,32.11,32.33
681,2022/10/1,B2,116.5,351.6,68.7,82.5,62.3476,71.21,70,27.0833,62.5,115.944,204.6,5.65,127.6,145.6,70.16,20,28.66,1448.34,1449.21,1459.9,1454.25,4.69,51.95,19.81,47.8,8.2,8463.38,4200.94,8429.15,7270,59.65,61.03,28.02,27.49
682,2022/10/1,B1,117.6,0,0,71.4,0,74.03,92,35.4167,33.3333,104.808,200.97,4.77,136.3,135.24,74.03,23,41.17,51.41,52.32,59.95,54.61,4.44,52.78,19.64,46.19,7.51,7297.4,4650.34,8919.12,8510,59.72,61.12,29.6,30.61
683,2022/10/1,A2,127.5,106.6,67.4,79.9,66.1183,77.52,88.8889,20.8333,66.6667,59.911,199.23,4.62,133.8,131.23,77.23,27,53.93,54.28,57.25,66.11,59.43,4.5,49.8,20.41,44.75,9.03,5842.34,7333.58,6308.63,10530,57.99,56.86,32.31,32.16
684,2022/10/1,A1,133.8,236.1,66,81.2,0,75.5,78.2609,18.75,67.7419,60.7085,198.13,4.53,126.8,131.21,75.5,21,43,55.88,58.11,66.75,59.34,4.42,51.03,20.60,48,7.83,4181.66,6514.52,5002.38,8240,56.24,56.62,32.91,33.03
685,2022/10/2,B2,115.3,302.2,121.8,104.8,61.9191,69.7,71.7949,41.6667,52,86.8104,74.01,5.15,135.1,112.12,68.56,27,31.71,1448.66,1449.07,1460.35,1453.97,4.8,52.48,19.95,54.5,9.5,4200.94,8429.15,7491.74,8630,61.59,60.49,27.51,25.01
686,2022/10/2,B1,129.1,178.9,55.9,92.9,68.2713,74.12,66.6667,35.4167,51.8519,81.2068,202.73,4.71,126.6,131.96,73.44,24,40.23,51.35,51.84,61.13,55.96,4.43,51.59,19.35,57.08,6.51,4650.34,8919.12,6894.46,8490,60.04,60.43,29.76,29.03
687,2022/10/2,A2,158.5,0,0,101.7,0,79.63,96.9697,16.6667,60.7143,113.406,260.5,4.74,137.1,139.11,79.63,17,43.49,55.77,58.4,69.12,61.36,4.51,50.08,20.16,50,6.52,7333.58,6308.63,7813.69,6890,58.63,58.37,31.17,32.48
688,2022/10/2,A1,130.2,286.4,61.8,96.9,58.4343,77,79.4872,31.25,52,70.5947,198.54,4.54,128.7,136.46,74.72,30,44.72,58.42,58.77,69.82,62.19,4.39,50.28,20.15,49,9.02,6514.52,5002.38,7638.35,10820,58.91,57.89,32.31,31.99
689,2022/10/3,B2,133.4,225.2,78.6,94.8,59.7235,75.24,79.3103,27.0833,45.8333,91.4964,196.39,5.21,125.8,139,73.94,19,32.38,1448.46,1448.72,1460.87,1454.32,4.68,51.45,19.67,50,8,8429.15,7491.74,6093.66,6660,60.2,60.25,26.02,25.83
690,2022/10/3,B1,123.7,235.3,47.4,83.9,70.3522,74.04,74.1936,41.6667,44.4444,80.5354,193.93,4.87,130.8,129.62,73.81,22,38.67,51.55,52.64,59.99,54.70,4.73,52.6,19.30,54.39,7.51,8919.12,6894.46,6169.01,7660,61.21,61.28,27.97,28.22
691,2022/10/3,A2,116.2,300.3,90.1,101.1,75.2283,78.34,84,18.75,62.069,79.8217,197.46,4.55,136.4,143.98,78.18,25,43.81,56.03,56.3,68.06,60.20,80.94,50.6,20.33,48.6,7.62,6308.63,7813.69,7575.08,9490,58.85,57.78,32.76,32.14
692,2022/10/3,A1,130.9,117.4,45.7,94.4,76.0121,74.69,84.375,37.5,48.1481,91.8134,192.52,4.66,124.4,133.99,74.74,17,33.26,56.22,58.08,67.96,59.93,4.53,50.89,20.41,90,7.35,5002.38,7638.35,5701.61,6210,57.22,56.87,32.46,31.59
693,2022/10/4,B2,120.9,373.3,64.4,99.9,51.3552,69.36,81.25,33.3333,57.1429,77.9411,192.92,4.85,130.3,133.81,67.7,27,48.07,1448.02,1448.93,1459.24,1454.39,4.73,53.68,19.90,53.1,6.4,7491.74,6093.66,7677.2,9850,61,60.32,25.93,27.26
694,2022/10/4,B1,131.8,537.2,60.3,91.8,59.0948,75.2,83.7838,33.3333,25,118.102,200.94,4.8,132.3,127.7,73.87,18,41.39,51.74,51.56,60.16,54.99,4.51,52.53,19.12,50.27,6.02,6894.46,6169.01,7464.06,6320,61.19,60.66,28.7,29.6
695,2022/10/4,A2,130,232.1,26,94.6,0,80.3,84.8485,25,54.1667,133.944,198.26,4.7,133.7,138.51,80.3,16,41.55,56.72,58.81,68.02,60.90,4.43,50.93,20.74,49.5,6.94,7813.69,7575.08,8746.53,6530,57.56,58.77,32.49,32.48
696,2022/10/4,A1,130.4,173.6,66,97.8,70.3026,70.3,93.1034,25,44.8276,97.2827,196.04,4.54,122.5,131,70.3,26,38.09,58.95,58.6,70.45,62.12,34.21,50.22,19.30,47,7.57,7638.35,5701.61,9397.51,9660,57.68,57.07,31.69,30.97
697,2022/10/5,B2,125.3,197,66.1,93.7,65.8683,73.07,77.1429,39.5833,37.5,96.4042,197.51,5.33,129.4,132.93,72.76,17,38.71,1448.18,1449.14,1458.35,1454.13,4.68,52.25,19.68,51.2,7.5,6093.66,7677.2,5523.96,5730,60.24,60.83,27.67,27.08
699,2022/10/5,A2,127.6,179.9,56.4,96.8,60.4167,80.85,92,14.5833,58.3333,66.422,191.61,4.61,129,140.31,77.17,23,47.12,56.85,57.62,68.7,62.07,4.56,49.5,20.41,47.1,8.19,7575.08,8746.53,5792,8720,58.65,57.04,32.92,32.81
700,2022/10/5,A1,128.4,173.2,53.4,95.8,72.7358,76.34,68.4211,43.75,46.6667,55.6777,191.54,4.46,128.7,132.12,75.96,20,37.37,55.82,58.74,66.99,59.26,4.07,49.31,20.38,50,6.48,5701.61,9397.51,3819.49,6860,56.96,57.74,31.89,31.8
701,2022/10/6,B2,128.3,189.5,38.4,104,50.3738,69.46,65.5172,33.3333,58.0645,61.5355,182.85,4.6,131.5,126.24,67.5,25,32.57,1448.26,1448.84,1460.07,1454.45,4.79,52.99,19.66,58,7.5,7677.2,5523.96,5372.05,8730,61.76,59.86,28.41,28.01
702,2022/10/6,B1,126.5,189.3,69.9,87.4,67.2725,75.71,85.2941,29.1667,30.4348,101.914,200.03,4.79,129.8,132.99,74.29,23,40.03,52.56,52.26,60.78,55.23,4.65,53.25,19.11,57.2,6.5,7464.06,5696.96,7826.96,7680,60.67,60.1,29.28,30.78
703,2022/10/6,A2,136.5,134.7,53.6,97.8,62.1062,81.68,71.4286,29.1667,45.8333,114.883,189.23,4.58,129.3,139.13,79.49,22,41.51,57.09,57.48,68.09,61.21,4.48,50.7,20.02,59.5,8.25,8746.53,5792,9064.26,7890,56.64,57.95,32.14,31.68
704,2022/10/6,A1,127.9,245.4,61.2,96.5,66.7524,75.21,82.5,43.75,43.3333,102.601,192.16,4.51,122.2,132.87,74.67,25,35.42,58.39,59.24,69.16,61.31,4.38,51.03,19.94,95,8.27,9397.51,3819.49,8792.87,8570,57.95,58.24,31.48,32.32
705,2022/10/7,B2,115,196.1,59,99.8,60.139,73.55,70.4545,50,37.5,121.672,201.21,5.35,132.5,136.97,70.95,17,34.86,1448.37,1448.89,1459.73,1454.09,21.07,52.12,19.75,51.9,9.1,5523.96,5372.05,6886.65,5660,60.31,60.92,27.27,27.33
706,2022/10/7,B1,120,362,67.8,86.2,64.8396,72.33,75.8621,41.6667,27.2727,73.772,202.01,4.73,131.6,128.45,71.03,20,40.23,51.02,51.74,59.33,54.03,4.64,52.23,19.21,47.46,6.54,5696.96,7826.96,4086.97,5540,58.74,59.42,30.14,28.46
707,2022/10/7,A2,118.6,413.4,34.5,99.5,57.255,79.66,78.3784,31.25,60.7143,30.4492,193,4.65,131.7,136.47,76.28,26,51.62,55.81,58.45,67.84,61.66,4.6,49.12,20.22,50.4,6.55,5792,9064.26,2877.45,9450,57.3,57.23,32,32.14
708,2022/10/7,A1,131.3,176.4,67.2,89.6,74.5207,78.41,82.7586,33.3333,25,57.9235,192.03,4.43,133.6,138.96,78.27,21,43.08,57.49,58.07,68.53,60.86,4.12,49.94,19.94,48.7,7.78,3819.49,8792.87,4147.32,7160,57.62,57.64,30.46,27.71
709,2022/10/8,B2,122.6,356.6,72.6,106.3,51.0786,73.11,87.0968,41.6667,40,83.6767,188.18,4.8,137.8,134.06,68.92,26,47.47,1447.87,1449.05,1460.23,1455.19,4.87,53.01,20.35,54.4,7.6,5372.05,6886.65,6995.37,8360,61.74,61.55,27.44,27.81
711,2022/10/8,A2,133.1,202.9,69.5,96.8,81.2098,78.91,82.6087,27.0833,33.3333,126.674,198.27,4.69,132.3,136.21,79,17,46.89,56.73,57.38,68.4,61.24,4.56,52.34,19.65,46.5,7.53,9064.26,2877.45,8537.84,6740,59.25,59.63,31.96,31.92
712,2022/10/8,A1,137.9,272.7,59,93.4,73.4312,76.13,76.9231,33.3333,57.6923,73.9987,191.48,4.52,127.2,132.15,75.75,22,36.09,58.48,59.7,69.76,62.01,4.48,50.66,19.78,54.7,6.74,8792.87,4147.32,5535.1,7480,56.83,56.87,29.8,30.36
713,2022/10/9,B2,198,2421.7,30.6,97.3,59.0859,69.98,76.3158,47.9167,37.931,115.375,197.19,5.21,136.7,135.03,68.91,17,30.34,1448.34,1448.67,1429.15,1453.74,4.63,52.71,19.82,46.9,9.6,6886.65,6995.37,6299.47,5460,60.78,60.3,28.53,27.64
714,2022/10/9,B1,127.5,124.7,38.8,85.5,61.7281,76.02,76.4706,39.5833,34.6154,90.4439,186.81,4.8,129,128.45,73.55,17,38.07,50.98,50.85,57.95,54.48,4.67,51,19.29,52.09,6.5,4086.97,8381.48,4929.19,5450,60.25,60.73,27.24,28.71
715,2022/10/9,A2,145.8,162.7,65.7,96.9,67.8042,82.72,80.6452,18.75,56,80.2189,190.4,4.37,137.6,132.63,79.35,23,47.37,55.48,58.89,67.4,60.39,4.05,49.23,20.15,49.3,6.61,2877.45,8537.84,6321.25,7880,59.16,58.25,31.9,30.13
716,2022/10/9,A1,147.9,359.3,142.6,91.1,70.0907,82.39,81.8182,35.4167,43.4783,89.0633,196.99,4.46,134.8,138.05,81.46,20,43.26,57.05,57.86,68.01,61.00,4.31,50.78,19.89,48.9,6.42,4147.32,5535.1,6813.34,7650,58.04,56.17,32.13,32.03
717,2022/10/10,B2,119.8,481.7,68.2,94.8,64.972,72.83,80.5556,52.0833,14.8148,87.5328,196.28,5.14,139.6,140.53,71.66,23,29.47,1448.21,1448.93,1460.55,1453.38,4.56,52.58,20.04,53.5,7.5,6995.37,6299.47,6109.79,6980,60.72,61.05,28.81,28.66
718,2022/10/10,B1,130.8,218.8,58,88.8,60.6049,71.95,67.5676,43.75,30,71.5809,196.52,4.58,130.9,133.83,70.65,27,38.22,51.1,52.29,59.54,54.34,4.46,53.18,19.26,54.2,6.8,8381.48,4929.19,6664.18,9310,59.72,58.61,28.9,28.5
719,2022/10/10,A2,141.7,372.3,85,96.1,65.6596,78.72,69.2308,47.9167,36.6667,108.87,196.13,4.58,138.8,139.54,76.84,23,48.38,57.26,57.99,68.84,61.47,4.36,51.07,20.01,59.5,7.74,8537.84,6321.25,8165.22,7500,57.66,57.9,30.12,31.37
720,2022/10/10,A1,131.1,195.5,74.4,92.6,65.6952,73.49,77.4194,37.5,43.3333,111.799,194.6,4.45,122.7,135.79,72.7,22,40.07,57.31,57.98,67.83,59.90,4.42,50,19.91,47.3,7.58,5535.1,6813.34,8071.86,7220,57.45,57.6,32.03,31.21
721,2022/10/11,B2,119.8,250.4,51.8,105.4,67.1624,70.96,72.9167,62.5,36.6667,84.6479,195.06,4.85,133.8,138.1,70.58,23,34.66,1448.46,1448.94,1460.5,1454.51,4.53,52.53,19.82,55.2,6.8,6299.47,6109.79,6187.76,7310,61.37,61.31,27.88,27.34
723,2022/10/11,A2,126.1,238.7,69.5,97.6,65.6795,76.85,68.2927,58.3333,37.037,89.7683,197.02,4.55,130.4,138.33,75.72,24,41.63,56.58,56.43,68.68,60.61,4.54,50.37,19.92,46.5,7.56,6321.25,8165.22,7100.67,7910,58.03,54.68,32.27,30.96
724,2022/10/11,A1,134.1,152.7,47,92.3,71.1732,77.44,86.8421,47.9167,34.2857,86.4517,193.57,4.65,130,133.59,76.47,24,40.18,57.43,58.36,69.13,61.52,4.43,51.01,20.08,50.3,6.61,6813.34,8071.86,7236.01,8370,58.67,58.25,30.65,29.2
725,2022/10/12,B2,109.9,192.8,126.6,96.4,60.4954,70.8,72.7273,43.75,23.0769,99.6298,193.37,5.22,135.2,135.99,69.69,16,30.19,1448.35,1448.69,1461.05,1454.83,4.62,53.16,19.68,53.3,7.2,6109.79,6187.76,4881.86,4900,61.13,60.52,26.64,26.48
726,2022/10/12,B1,119.4,223.4,117.4,87.9,66.4413,73.07,70.5882,43.75,28.5714,52.2262,196,4.7,132,132.85,71.99,18,36.07,52.89,51.3,61.56,56.31,4.52,52.93,19.25,53.89,6.51,6664.18,7005.21,3086.57,5910,60.65,60.16,27.8,27.28
727,2022/10/12,A2,123.9,197.3,74,98.6,64.2945,71.88,80,50,32.1429,79.0543,194.48,4.72,132.3,132.58,71.48,18,38.11,56.31,57.17,68.7,60.51,4.47,49.74,20.28,47,6.6,8165.22,7100.67,4395.42,5560,56.97,56.98,32.18,31.86
728,2022/10/12,A1,128.6,276.5,150.9,88.5,63.8645,77.64,86.6667,37.5,26.087,127.883,199.28,4.7,128,136.7,75.59,13,34.47,57.74,59.66,69.24,61.24,4.63,49.37,19.69,58.5,8.9,8071.86,7236.01,4987.43,3900,58.08,59.82,29.94,31.62
729,2022/10/13,B2,102.4,405.1,91.6,104.8,57.4751,69.37,79.4118,52.0833,31.5789,90.8031,196.36,4.99,136.1,139.64,68.1,20,23.43,1448.6,1449.86,1461.34,1453.50,4.78,52.97,19.69,52.9,9.6,6187.76,4881.86,6719.43,7400,60.59,59.91,28.14,28.39
730,2022/10/13,B1,130.7,303.2,114.6,89.8,64.4293,72.15,81.0811,41.6667,24.1379,84.1791,199.94,4.7,129.3,128.55,71.07,25,41.84,50.66,51.65,58.42,53.51,4.62,51.93,19.13,52.85,6.55,7005.21,3086.57,6936.36,8240,60.41,60.31,28.53,28.67
731,2022/10/13,A2,123.1,259.2,74.8,97.4,57.1177,73.88,84.2105,43.75,25.7143,68.2938,194.27,4.72,132.1,138.5,71.1,22,39.26,56.77,57.73,68.38,61.60,4.6,50.95,20.08,46.2,7.82,7100.67,4395.42,5169.84,7570,57.78,58.86,31.84,32.27
732,2022/10/13,A1,156.9,348.7,105.2,92.2,64.0968,78.12,80,31.25,40,53.4382,199.71,4.47,127.7,137.77,75.3,24,35.86,58.57,58.69,69.89,62.02,4.24,50.88,19.84,46.9,6.86,7236.01,4987.43,4462.09,8350,59.33,57.9,32.31,32.01
733,2022/10/14,B2,128.4,450.3,144.6,95.5,60.2536,67.48,71.1111,62.5,15.3846,96.9498,195.24,5.34,128.1,128.75,65.35,19,26.18,1448.34,1449.39,1461.91,1454.32,4.75,52.22,19.83,53.9,7.6,4881.86,6719.43,4944.44,5100,60.67,60.61,28.77,27.95
734,2022/10/14,B1,120.5,353,59,82,62.3464,72.43,68.9655,31.25,39.1304,64.3825,197.7,4.84,133.4,129.96,70.62,21,38.57,51.84,52.12,60.4,54.97,4.65,53.46,19.32,50,6.7,3086.57,6936.36,4770.74,7410,59.51,60.64,28.28,27.8
735,2022/10/14,A2,134.2,580.3,58.4,101.3,71.7225,78.23,84,33.3333,33.3333,95.071,185.97,4.83,133.8,131.37,76.98,21,50.44,55.65,56.48,66.53,60.83,4.47,49.47,20.31,48.8,6.74,4395.42,5169.84,6455.32,6790,58.28,57.43,32.22,31.23
736,2022/10/14,A1,142.7,392.4,56.6,90.1,74.1075,75.97,90.9091,33.3333,20,86.3878,180.04,4.5,131.2,137.8,75.54,23,33.36,57.55,58.34,68.3,60.93,4.55,51.22,19.82,46.4,7.67,4987.43,4462.09,6228.56,7210,57.73,57.76,32.06,31.91
737,2022/10/15,B2,132.2,308.4,57.5,98.8,59.9107,74.76,64.5161,35.4167,41.6667,90.399,186.27,5.09,136.6,140.82,70.26,18,27.76,1448.57,1450,1461.19,1454.85,4.42,52.38,19.71,50,7.5,6719.43,4944.44,5279.3,5840,60.65,59.88,27.83,28.11
738,2022/10/15,B1,124.7,249.1,59.6,89.7,78.1119,73.34,79.4118,37.5,33.3333,101.875,200.97,4.61,135.9,135.38,73.62,22,45.65,50.44,50.96,58.62,53.53,4.47,52.52,19.01,55.49,7.51,6936.36,4770.74,8160.18,8010,59.98,58.34,29.07,29.88
739,2022/10/15,A2,150,397.3,63.9,104.6,68.9925,75.61,72.5,41.6667,42.3077,103.842,196.17,4.63,131.9,133.72,74.62,21,40.2,56.12,57.41,67.97,60.81,4.4,51.02,20.02,51.7,6.71,5169.84,6455.32,7362.37,7090,58.62,58.53,31.49,31.55
741,2022/10/16,B2,123.6,231.6,52.3,98.8,55.7052,73.42,72.5,41.6667,24.1379,84.4094,192.23,4.86,138,136.02,68.78,21,28.25,1448.56,1449.45,1460.61,1453.65,4.73,52.69,19.45,55.2,1.8,4944.44,5279.3,5368.44,6360,60.1,60.64,28.83,26.69
742,2022/10/16,B1,143.8,271.3,78.9,87.6,61.2158,76.5,82.1429,29.1667,59.0909,73.9204,189.41,4.72,123.3,123.66,75.9,20,37.33,49.3,51.06,58.22,53.05,4.38,51.78,19.18,50.3,6.7,4770.74,8160.18,5617.95,7600,59.13,62.21,28.21,28.81
743,2022/10/16,A2,136,205.9,51.2,101.2,71.4872,72.26,90,35.4167,38.4615,78.3473,186.99,4.6,127.8,136.84,72.04,20,47.32,55.33,56.53,66.77,59.56,4.44,50.08,19.99,51.2,6.96,6455.32,7362.37,4622.49,5900,59,58.34,32.6,32.83
744,2022/10/16,A1,118.4,291.2,44.1,90.2,72.546,79.05,73.1707,45.8333,29.6296,95.6618,197.84,4.39,134.2,136.56,78.24,24,35.15,58.13,59.74,69.32,61.18,4.13,50.64,19.80,47.5,6.57,6228.56,4981.26,8006.89,8370,58.18,58.27,31.78,31.65
745,2022/10/17,B2,118,306.5,69.3,99.5,64.6764,63.48,70.8333,25,35,78.3271,186.99,4.53,138.5,139.73,63.99,19,23.29,1448.77,1449.39,1461.56,1453.84,4.31,51.56,19.72,52.3,7.7,5279.3,5368.44,3791.03,4840,60.35,60.21,26.53,28.03
746,2022/10/17,B1,129.3,140.6,32.4,93.3,0,73.27,65.9091,45.8333,46.6667,110.482,193.34,4.67,133.4,131.59,73.27,21,37.21,51.15,51.48,59.41,53.94,4.56,52.97,19.28,56.98,7.52,8160.18,5617.95,8915.93,8070,61.66,61.02,29.99,29.26
747,2022/10/17,A2,148.3,236.8,34.7,99.8,65.3927,74.87,74.359,52.0833,31.25,76.537,189.71,4.76,129.5,134.65,73.31,25,40.73,55.81,56.93,67.63,60.38,4.73,50.31,20.07,48.9,8.26,7362.37,4622.49,6513.3,8510,57.65,58.77,32.79,33.43
748,2022/10/17,A1,125.2,560.5,40.4,90.4,72.651,78.21,71.4286,50,37.931,109.126,197.47,4.67,133.3,127.34,77.3,16,34.51,56.79,58.95,67.94,60.42,4.5,50.39,19.68,59,8.2,4981.26,8006.89,5358.09,4910,58.47,58.64,32.16,32.16
749,2022/10/18,B2,140,265.3,79.5,96.6,63.1281,76.55,77.2727,43.75,40,76.9853,184.59,4.46,135.5,139.46,74.73,24,41.68,1448.82,1449.24,1459.79,1455.94,4.39,52.09,19.77,51.3,6.5,5368.44,3791.03,6982.57,9070,59.91,60.34,27.8,28.16
750,2022/10/18,B1,141.9,275.8,40.4,80.9,69.7501,74.6,80,45.8333,24.1379,106.182,193.59,4.86,131.2,128.85,74.01,20,34.02,51.55,51.43,60.1,54.67,4.47,53.1,18.98,54.9,7.86,5617.95,8915.93,6519.55,6140,61.28,60.08,29.32,29.07
751,2022/10/18,A2,129.2,183.2,91.7,97.7,66.1367,77.24,85.7143,25,37.5,117.122,189.29,4.72,130.1,133.17,76.03,17,51.94,56.39,57.72,67.74,61.34,4.06,50.78,22.19,53.7,7.62,4622.49,6513.3,6406.59,5470,58.06,56.98,32.91,31.94
752,2022/10/18,A1,132.4,185.1,50,95.2,61.3333,74.16,83.3333,37.5,44.1176,61.8575,184.71,4.59,125.1,132.23,73.71,21,36.13,57.54,57.04,68.22,61.38,27.47,50.78,19.94,53.8,7.91,8006.89,5358.09,4923.86,7960,57.41,55.24,31.52,29.8
753,2022/10/19,B2,138.4,471.4,88.1,106.7,58.8064,72.17,65.625,43.75,45.8333,116.731,192.22,5.08,136.3,130.94,69.67,21,50.7,1448.13,1448.4,1460.9,1457.08,3.92,52.29,19.74,53.5,7.5,3791.03,6982.57,7459.13,6390,60.07,60.24,28.71,28.31
754,2022/10/19,B1,141.5,314.2,43.6,90.9,60.8934,67.59,87.5,45.8333,15.3846,81.0725,190.61,4.84,129.6,126.47,66.84,20,32.11,49.88,50.49,59.14,54.11,4.65,52.85,19.17,54.55,6.54,8915.93,6519.55,5683.18,7010,59,58.82,30.21,28.25
755,2022/10/19,A2,165.4,406.2,45.8,100.3,58.7905,77.19,71.7949,50,41.1765,48.1419,187.98,4.59,124.6,118.21,74.48,32,39.88,55.63,57.35,67.39,59.89,22.96,49.7,19.84,58.3,7.78,6513.3,6406.59,5425.59,11270,57.33,56.17,32.29,31.83
756,2022/10/19,A1,154.1,424.6,73.2,92,69.4645,75.9,78.5714,50,13.6364,88.5516,190.14,4.61,131.1,136.76,74.63,26,35.32,57.31,58.63,68.36,60.59,4.3,49.89,20.16,49.5,7.58,5358.09,4923.86,7535.74,8510,57.72,58.19,31.22,31.24
757,2022/10/20,B2,123.9,287.6,52.3,98.8,0,71.96,73.8095,54.1667,38.2353,73.5185,186.79,4.95,138.7,144.47,71.96,25,44.13,1448.81,1449.07,1460.11,1456.40,4.8,52.3,19.68,55.7,8.3,6982.57,7459.13,6572.55,8940,61.11,60.51,27.04,26.24
758,2022/10/20,B1,117.4,203.4,79.4,82.7,66.3112,73.65,58.0645,31.25,42.1053,82.2277,196.77,4.65,136.3,136.85,72.44,18,34.13,51.69,51.28,58.74,53.35,4.59,52.13,19.03,56.47,6.53,6519.55,5683.18,5163.9,6280,60.38,60.46,27.5,28.31
759,2022/10/20,A2,123.7,0,0,91.4,59.8711,76.69,80,56.25,19.2308,126.536,187.36,4.73,130,138.02,73.86,16,41.38,56.31,56.79,67.81,61.21,4.62,50.69,20.27,60.8,4.5,6406.59,5425.59,6681.09,5280,57.78,58.67,32.46,32.7
760,2022/10/20,A1,141.7,148.8,46.6,92.1,71.0209,75.1,85.2941,43.75,31.25,91.3303,181.87,4.55,134,136.86,74.69,18,32.88,56.53,57.16,67.46,59.69,16.17,51.72,20.20,45,7.88,4923.86,7535.74,5361.09,5870,59.75,56.87,31.64,30.04
761,2022/10/21,B2,105.4,396,104.2,97.2,62.6867,61.6,74.4186,66.6667,22.8571,62.3202,192.34,4.94,137,139.71,61.72,29,46,1449.06,1449.57,1460.4,1457.56,4.43,52.01,19.90,53.5,7.9,7459.13,6572.55,5191.27,8330,60.92,61.28,27.41,27.56
762,2022/10/21,B1,127.3,340.8,80.1,95.8,58.6654,70.66,60.9756,47.9167,54.8387,65.8416,191.85,4.73,129.5,135.29,69.17,25,32.22,50.56,52.93,59.66,54.48,4.67,51.58,19.79,57.56,2.54,5683.18,5163.9,6064.01,9210,58.51,58.8,28.47,27.74
763,2022/10/21,A2,127.2,157.4,84.8,103.7,65.6144,80.15,88.5714,37.5,48.6486,58.9933,191.89,4.61,131.2,142.33,79.11,23,36.89,55.44,56.4,67.57,60.11,4.41,49.05,20.64,51.9,8.02,5425.59,6681.09,4984.93,8450,58.7,56.82,32.65,32.04
765,2022/10/22,B2,121.7,0,0,98.4,64.3657,68.32,72.9167,77.0833,25.7143,92.638,126.66,4.77,134,134.63,68.06,25,34.87,1448.63,1448.91,1458.23,1455.92,4.58,51.71,19.74,52.8,8,6572.55,5191.27,6845.95,7390,60.71,60.84,26.92,27.19
766,2022/10/22,B1,125,0,0,88.1,60.5576,71.77,69.2308,60.4167,32,74.8843,199.46,4.84,135,134.82,69.79,25,33.29,52.34,52.85,60.75,55.42,4.69,51.77,19.84,49.47,7.53,5163.9,6064.01,5968.28,7970,59.45,60.18,28.18,28.58
767,2022/10/22,A2,132.9,220.3,57.9,97.5,60.6031,72.84,90.3226,45.8333,11.1111,98.482,194.92,4.8,130.9,138.73,71.42,21,39.22,56.75,58.73,68.05,61.36,4.56,50.73,22.73,46,7.61,6681.09,4984.93,6893.74,7000,56.82,57.91,32.38,32.38
768,2022/10/22,A1,125,430,105.4,90.4,73.4542,77.31,76.3158,35.4167,46.1538,69.434,190.16,4.74,122.7,133.74,76.96,21,29.24,56.64,58.7,66.95,59.36,4.44,50.66,20.79,45.43,7.07,5361.09,5619.34,5540.83,7980,56.44,56.72,30.79,30.96
769,2022/10/23,B2,110.1,501.9,116.4,98,58.1706,66,68.4211,56.25,29.6296,85.5485,189.63,5.17,130.3,133.57,65.69,22,37.69,1448.69,1449.73,1461.58,1456.28,4.67,51.38,20.16,52.4,7.1,5191.27,6845.95,5526.43,6460,60.33,60.62,26.54,25.49
770,2022/10/23,B1,139.6,178.1,74.3,95.2,91.9693,71.26,57.8947,60.4167,28.125,85.417,196.34,4.91,133.2,135.76,71.72,24,31.79,54.28,59.09,61.17,55.93,4.33,50.88,19.73,45.88,7.52,6064.01,5968.28,6918.78,8100,61.31,61.01,27.29,28.89
771,2022/10/23,A2,124,220.4,76.4,100.1,64.5195,75.87,71.0526,35.4167,45.1613,86.9641,190.34,4.77,127,136.62,73.71,25,36.03,57.66,56.8,69.99,61.91,29.49,48.97,21.39,45.5,7.67,4984.93,6893.74,7191.93,8270,58.21,56.17,32.08,31.97
772,2022/10/23,A1,129.2,399.3,59.1,98.9,65.8582,75.71,76.3158,41.6667,55.1724,80.3072,191.19,4.69,128.1,134.1,74.53,29,28.86,57.85,58.79,68.66,61.00,4.57,48.32,20.63,47.77,7.52,5619.34,5540.83,7958.44,9910,57.3,58.58,30.86,30.85
773,2022/10/24,B2,120.8,208.6,41.9,99.5,64.5687,69.04,72.5,45.8333,39.3939,80.0264,193.85,5.16,141.1,141.91,68.79,24,29.1,1448.65,1449.65,1459.93,1454.99,4.51,52.06,19.96,49.2,8.4,6845.95,5526.43,6762.23,8450,61.25,61.26,27.39,28.31
774,2022/10/24,B1,144.1,514.6,69.8,91.4,72.3156,66.83,76.3158,50,33.3333,89.011,186.65,5.48,133.9,137.02,67,20,36.42,59.39,58.78,63.6,58.53,4.58,51.96,19.86,49.97,7.53,5968.28,6918.78,5928.13,6660,61.51,59.98,28.39,26.93
776,2022/10/24,A1,149.7,316.6,37.7,93.4,51.13,73.73,66.6667,41.6667,46.4286,84.6841,189.61,4.76,127.9,139.12,72.64,21,29.35,56.99,58.44,68.89,60.89,4.5,49.47,20.59,46.1,7.78,5540.83,7958.44,5707.71,6740,58.14,55.31,31.05,30.4
777,2022/10/25,B2,118.3,580.9,43.3,96.9,50.7337,72.82,77.5,58.3333,33.3333,89.2419,189.19,4.87,126,132.68,68.38,20,31.7,1448.47,1449.57,1461.17,1455.15,4.31,51.17,20.00,51.9,6.9,5526.43,6762.23,5497.3,6160,61.12,60.16,27.98,27.72
778,2022/10/25,B1,119.5,360.6,77.7,92.1,70.3158,77.4,82.7586,25,55.5556,54.3106,197.15,4.73,132.4,135.62,76.29,24,32.77,58.32,59.32,66.25,60.66,4.61,50.91,19.74,45.57,7.51,6918.78,5928.13,4703.3,8660,60.32,60.2,27.15,27.68
779,2022/10/25,A2,123.3,0,0,101.2,60.91,69.62,78.9474,52.0833,41.9355,91.5463,195.9,4.65,131.9,139.16,69.32,26,47.28,56.86,57.33,68.54,63.14,4.48,47.88,20.71,52.27,7.24,7191.93,5532.84,8284.94,9050,56.63,55.71,32.01,32.02
780,2022/10/25,A1,132.1,258.7,127.7,95.9,59.7971,73.13,79.5455,56.25,44.4444,65.4104,195.42,4.61,128.1,138.91,72.31,30,28.7,57.84,59.54,68.9,61.22,32.25,49.88,20.57,46.03,7.7,7958.44,5707.71,7083.95,10830,57.33,56.29,31.08,30.96
781,2022/10/26,B2,153.1,0,0,105.5,0,72.66,81.8182,41.6667,39.2857,134.803,194.77,4.87,145.5,144.96,72.66,17,38.72,1449.26,1390.98,1461.6,1455.12,4.6,51.54,20.18,51.2,9.3,6762.23,5497.3,7980.31,5920,59.7,57.99,28.31,27.33
782,2022/10/26,B1,154.5,238.1,68,85.7,0,73.19,79.3103,35.4167,30.4348,150.646,195.48,4.73,131.4,130.96,73.19,15,34.79,58.91,59.59,67.88,62.25,4.68,50.82,19.77,52.68,7.51,5928.13,4703.3,8647.07,5740,58.06,57.61,27.8,27.38
783,2022/10/26,A2,117.2,0,0,104.2,0,70.94,85.7143,56.25,40,72.177,196.03,4.74,129.2,136.81,70.94,23,35.37,55.79,57.86,67.53,60.16,4.53,48.1,21.08,47.5,7.92,5532.84,8284.94,5637.02,7810,55.52,56.45,31.47,31.25
