Id,SeedId,复投次数,调温最大亮度值,稳定时间,引晶开始CCD亮度值,引晶稳定CCD亮度差值,引晶熔接CCD差值,引晶开始结束CCD差值,引晶后50长拉速,引晶平均拉速,放肩高度,放肩降温量,等径长度
6835,220901191-811,8,54.42,31,44.38,-1.78,-7.04,-0.71,5.13,4.59,125.09,6.78,1
6836,220901181-711,7,59.2,65,49.16,-1.72,-6.73,-0.43,4.76,3.98,125.41,6,1
6837,220901172-615,6,68.92,30,57.8,-3.04,-8.66,-0.73,5.08,4.84,130.33,6.05,1
6838,220901392-211,2,66.98,67,55.19,-4.01,-8.23,-0.43,4.69,4.25,127.04,6.53,1
6839,220901242-711,7,59.17,40,51.22,-1.72,-6.51,-0.37,4.44,4.57,136.54,7,1
6840,220901141-711,7,55.77,78,47.74,-2.66,-5.86,-0.63,4.84,5.01,124.81,6.33,1
6841,220901362-111,1,63.64,39,52.75,-3.52,-8.16,-0.96,5.63,5.16,125.79,6.47,1
6842,220901442-611,6,60.59,28,50.18,-3.01,-8.37,-0.66,5.25,5.18,125.49,7.1,1
6843,220901042-112,1,65.49,39,56.71,-3.52,-7.73,-1.71,5.17,4.68,140.82,8.53,1
6844,220901331-712,7,53.65,17,53.31,-3.72,-9,-0.9,5.31,4.65,124.66,6.6,1
6845,220900991-511,5,59.52,55,49.47,-2.54,-7.5,-0.12,5.24,4.7,123.93,6.81,1
6846,220901301-414,4,71.53,11,55.81,-3.32,-12.41,-0.91,5.56,5.35,145.08,10.77,1
6847,220901291-411,4,61.04,50,52.32,-2.28,-7.44,-0.25,5.26,4.58,125.13,7.5,1
6848,220901321-511,5,58.69,51,50.06,-2.16,-6.8,-0.59,5.3,4.92,128.42,6.59,1
6849,220901412-112,1,64.74,38,53.86,-2.78,-8.85,0.45,4.62,4.79,128.68,6.92,1
6850,220901122-112,1,57.96,41,48.76,-3.46,-7.08,-1.12,5.42,4.35,155.32,7.53,1
6851,220901082-411,4,61.86,56,52.41,-2.69,-9.01,-0.53,4.55,3.91,130.01,5.51,1
6852,220901091-711,7,59.83,35,51.6,-2.25,-7.13,0.37,4.28,4.66,127.13,6.52,1
6853,220901191-711,7,52.31,66,44.46,-1.69,-6.84,-0.32,5.54,4.81,131.26,7,1
6854,220901311-714,7,59.5,35,48.05,-5.09,-8.7,-1.22,6.48,5.93,136.65,8.14,1
6855,220901262-411,4,61.51,41,53.21,-1.99,-7.21,-0.47,5,4.97,124.1,6.52,1
6856,220901162-311,3,60,46,50.76,-2.7,-8.3,-0.72,5.01,4.55,122.29,6.86,1
6857,220901341-722,7,69.62,28,56.74,-4.51,-9.83,-1.13,4.82,4.62,123.37,6.8,1
6858,220900972-613,6,72.92,15,63.92,-3.12,-7.43,-1.2,4.96,4.89,123.15,6.8,1
6859,220901151-711,7,63.58,64,53.14,-2.45,-8.31,-0.77,5.04,4.84,128.5,6.5,1
6860,220901431-611,6,63.53,80,52.13,-3.47,-9.45,0.55,5.21,4.76,127.84,6.7,1
6861,220901201-723,7,64.65,23,53.02,-3.72,-8.64,-0.58,4.6,4.24,121.69,8.4,1
6862,220901132-412,4,62.5,34,51.72,-3.3,-7.79,-0.77,5.21,5.19,128.16,6.83,1
6863,220901031-613,6,84.02,30,70.21,-5.09,-10.59,-0.47,5.33,4.89,132.1,7.8,1
6864,220901002-211,2,64.25,41,51.57,-2.08,-8.61,-0.02,5.41,5.25,143.83,7.5,1
6865,220901112-512,5,57.04,44,46.91,-2.14,-6.92,-0.77,5.13,4.78,141.55,7.52,1
6866,220901353-211,2,52.98,56,44.89,-1.89,-5.78,-0.6,5.77,5.35,124.94,6.76,1
6867,220901012-511,5,73.18,52,60.78,-3.22,-9.59,-0.66,5.45,4.46,140.05,8.03,1
6868,220901231-613,6,56.91,19,47.38,-2.73,-7.02,-0.02,3.88,3.95,126.78,7.03,1
6869,220901103-611,6,56.12,35,47.9,-1.7,-6.51,0.04,5.14,4.53,129.15,6.51,1
6870,220901172-611,6,59.81,45,57.27,-2.95,-9.22,-0.11,4.45,4.4,126.81,6.01,1
6871,220901071-611,6,56.67,26,48.82,-1.94,-7.03,-0.17,5.45,4.88,127.88,6.5,1
6872,220901022-612,6,55.6,61,49.78,-2.8,-7.57,-0.35,5.59,4.88,140.05,7.5,1
6873,220901253-511,5,53.48,50,43.2,-2.18,-7.54,-0.37,4.91,4.62,125.79,6.72,1
6874,220901381-413,4,81.91,22,69.24,-3.08,-10.54,-2.19,5.24,5.08,142.13,9.5,1
6875,220901371-813,8,60.65,31,50.89,-4.05,-8.55,-1.08,4.63,3.92,140.2,10,1
6876,220901361-811,8,62.27,34,53.37,-2.46,-7.32,-0.44,5.47,4.49,144.59,7.01,1
6877,220901062-112,1,57.09,35,47.92,-2.42,-7.22,0.05,5.61,5.38,124.61,6.54,1
6878,220901082-312,3,62.02,38,52.35,-2.74,-8.83,-1.14,5.11,4.14,131.26,5.6,1
6879,220901422-212,2,56.66,43,49.09,-2.19,-6.4,-0.1,5.52,5.34,125.73,7.21,1
6880,220901211-711,7,63.75,32,51.17,-2.02,-8.13,-0.37,4.98,5.2,127.69,6.88,1
6881,220901401-711,7,66.26,70,54.89,-1.86,-8.29,-0.14,4.25,4.29,144.69,6.55,1
6882,220901051-611,6,59.6,40,47.99,-2.3,-6.94,-0.77,4.83,4.31,127.79,6.53,1
6883,220901331-711,7,64.02,36,53.01,-2.69,-7.76,-0.44,5.37,4.79,127,6.84,1
6884,220900982-715,7,53.1,23,52.37,-3.56,-8.1,-0.5,4.93,4.74,123.9,7.03,1
6885,220901392-114,1,65.59,42,55.93,-3.78,-8.85,-0.83,5.41,5.13,125.79,6.5,1
6886,220901281-713,7,67,16,56.29,-4.49,-9.43,-1.11,4.69,4.94,128.8,6.8,1
6887,220901031-612,6,81.35,26,70.25,-4.16,-10.1,-0.74,5.03,5.16,132.05,7.53,1
6888,220901172-511,5,68.71,26,57.5,-2.21,-9.03,-0.16,4.97,4.7,132.48,6.3,1
6889,220901191-611,6,55.25,42,44.53,-1.69,-7.04,-0.24,4.02,4.06,129.69,7.03,1
6890,220901181-612,6,58.94,31,48.92,-1.88,-7.39,-0.77,5.27,4.69,127.41,6,1
6891,220901242-613,6,58.14,40,51.16,-1.84,-6.49,-0.6,5.15,5.03,128.57,6.82,1
6892,220901341-711,7,68.2,45,56.86,-2.94,-8.98,-0.43,4.77,4.43,128.65,6.5,1
6893,220901442-511,5,59.34,38,50.29,-2.4,-8.46,-0.7,5.21,4.79,127.39,6.99,1
6894,220901311-713,7,61.23,35,48.2,-3.41,-8.71,-0.83,5.01,4.82,142.52,8.51,1
6895,220901141-611,6,57.19,65,48,-2.37,-5.85,-0.91,5.27,4.53,120.72,6.16,1
6896,220901201-711,7,64.19,37,52.62,-1.92,-7.84,-0.24,4.89,4.71,128.89,7,1
6897,220901381-412,4,80.23,28,69.14,-3.2,-11,-2.21,5.63,4.65,138.57,8.9,1
6898,220900991-411,4,59.99,77,49.69,-3.02,-7.33,-0.63,4.98,4.46,121.22,6.85,1
6899,220901091-611,6,59.82,58,51.87,-2.39,-7.37,-0.28,4.98,4.48,123.32,6.53,1
6900,220901291-311,3,60.49,45,52.64,-2.32,-7.15,-0.61,5.05,5.09,121.78,7,1
6901,220901221-811,8,62.47,24,52,-3.63,-8.57,-1.22,5.69,5.5,120.27,6.5,1
6902,220901321-411,4,61.36,49,50.08,-2.61,-7.59,-0.38,5.22,4.49,127.86,6.55,1
6903,220901371-811,8,60.48,34,49.56,-2.06,-7.73,-0.55,5.54,5.33,141.9,8.5,1
6904,220901062-111,1,55.8,44,48.1,-2.27,-7.46,-0.45,5.47,5.45,132.31,6.17,1
6905,220901103-511,5,55.05,63,47.71,-1.85,-7.06,-0.33,4.95,5.03,127.6,6.52,1
6906,220901301-313,3,67.4,80,55.99,-3.77,-10.63,-0.61,5.58,4.92,140.33,10.77,1
6907,220901271-711,7,55.48,66,52.64,-3.02,-7.38,-0.08,4.22,3.58,119.07,6.85,1
6908,220901262-312,3,62.36,57,53.03,-3.33,-8.12,-0.69,4.75,4.45,125.21,6.51,1
6909,220901231-611,6,55.06,56,47.46,-1.88,-6.34,-0.07,4.9,4.36,125.73,6.92,1
6910,220901151-611,6,63.98,39,53.26,-2.3,-8.18,-0.68,5.42,4.75,129.19,6.53,1
6911,220901031-611,6,82.37,40,70.45,-3.94,-10.39,-0.14,4.55,4.56,133.49,7.7,1
6912,220901431-511,5,63.6,71,52.06,-3.49,-9.35,0.51,5.48,4.93,125.02,6.51,1
6913,220901281-712,7,66.72,19,56.15,-4.26,-9.8,-1.2,4.78,4.44,129.02,7.1,1
6914,220900972-611,6,74.71,34,63.98,-2.59,-7.77,-0.72,4.53,4.93,121.73,6.54,1
6915,220901002-111,1,61,31,51.43,-1.87,-8.72,-0.65,4.99,5.16,134.72,7.52,1
6916,220901012-411,4,73.67,45,60.9,-2.99,-7.55,-0.31,4.75,4.06,139.62,7.99,1
6917,220901331-613,6,61.6,18,53.23,-2.49,-6.61,-1.06,5.64,4.9,126.1,6.15,1
6918,220901071-512,5,58.09,21,48.96,-1.84,-6.83,-0.56,5.39,5.13,123.35,6.03,1
6919,220901311-712,7,60.98,42,48.08,-3.09,-5.98,-0.86,5.2,4.89,139.92,8.52,1
6920,220901121-712,7,60.74,43,47.34,-4.11,-9.54,-0.14,4.64,4.7,157.31,8.5,1
6921,220901353-111,1,53.01,74,45.02,-2.35,-6.03,-0.5,5.03,4.5,128.4,6.87,1
6922,220901112-411,4,55.67,55,46.87,-2.17,-6.88,-0.46,4.04,4.19,141.94,7.53,1
6923,220901401-611,6,64.68,41,54.56,-2.16,-7.83,-0.27,3.81,3.84,136.4,6.8,1
6924,220901191-511,5,55.91,54,44.46,-1.72,-6.98,-0.04,4.59,4.55,136.82,7.02,1
6925,220900982-712,7,62.75,35,51.98,-2.45,-7.04,-0.28,4.71,4.75,125.15,7.01,1
6926,220901022-511,5,59.62,69,50.54,-2.34,-6.81,-0.58,4.74,4.23,146.89,7.52,1
6927,220901253-412,4,55.7,55,43.31,-2.98,-8.54,-0.33,4.82,4.63,132.83,6.5,1
6928,220901411-713,7,66.7,35,54.96,-2.98,-9.29,-0.65,3.81,3.98,148.22,7.05,1
6929,220901381-311,3,82.32,30,69.1,-3.17,-10.85,-1.38,4.89,4.66,147.42,8.52,1
6930,220901082-212,2,63.19,39,51.79,-3.29,-9.41,-0.24,4.99,5.01,127.58,6.5,1
6931,220901281-711,7,68.62,88,55.77,-4,-9.8,-0.82,5.09,4.65,125.11,6.5,1
6932,220901051-511,5,56.16,46,47.98,-2.49,-6.91,-0.5,4.93,4.31,130.61,6.52,1
6933,220901041-615,6,70.82,19,56.7,-4.9,-10.21,-1.89,5.6,5.81,124.87,8.4,1
6934,220901422-113,1,58.13,34,49.5,-2.38,-5.85,-0.24,5.39,4.56,128.29,7.02,1
6935,220901361-711,7,63.76,44,53.35,-2.38,-7.8,-0.72,5,4.45,131.79,6.81,1
6936,220901031-513,5,84.75,29,70.99,-3.14,-10.79,-1.16,4.94,4.87,131.92,7.54,1
6937,220901341-611,6,70.01,44,57.14,-2.61,-8.74,-0.72,4.88,4.59,131.49,6.52,1
6938,220901301-312,3,71.49,29,55.71,-3.54,-12.83,-0.52,5.02,4.99,136.01,10.64,1
6939,220901172-412,4,68.88,18,57.58,-2.53,-9.05,-0.59,4.98,5.04,135.1,6.52,1
6940,220900972-512,5,73.85,21,63.8,-2.7,-7.2,-1.79,6.02,5.26,122.16,6.52,1
6941,220901201-611,6,61.99,77,52.66,-2.62,-8.39,-0.49,5,4.76,127.9,6.9,1
6942,220901371-713,7,58.8,51,49.61,-2.35,-7.69,-0.44,5.67,5.36,140.26,8.54,1
6943,220901211-611,6,60.3,62,51.17,-2.57,-6.57,-0.1,4.98,4.69,140.48,7.02,1
6944,220901121-711,7,58.49,35,47.78,-2.68,-7.3,-0.6,5.1,3.83,155.83,7.7,1
6945,220901162-113,1,61.31,40,51.54,-3.34,-8.25,-1.06,5.3,4.63,122.42,6.78,1
6946,220901391-617,6,68.44,14,56.15,-3.77,-9.7,-1.56,5.71,5.41,126.1,7.7,1
6947,220901231-514,5,55.84,28,47.33,-2.17,-7.01,-0.36,4.82,4.67,127.79,6.55,1
6948,220901141-512,5,56.04,42,48.01,-2.64,-6.24,-0.95,6.01,5.54,121.15,5.68,1
6949,220901442-411,4,62.84,38,50.45,-2.82,-9.04,-0.47,4.72,4.81,126.12,6.91,1
6950,220901091-511,5,63.33,23,51.67,-2.64,-7.58,-0.55,5.36,4.81,127.08,6.53,1
6951,220901181-512,5,57.78,36,48.96,-1.73,-7.51,-0.65,5.18,4.89,142.33,6,1
6952,220900991-312,3,59.6,37,50.1,-2.58,-7.4,-0.37,5.76,5.06,120.21,6.71,1
6953,220901242-511,5,60.48,66,51.23,-2.06,-6.13,-0.4,4.57,4.63,123.65,6.79,1
6954,220901291-214,2,62.12,42,53.08,-2.99,-7.78,-0.81,5.15,4.83,124.68,6.73,1
6955,220901321-311,3,59.13,38,50.3,-2.38,-7.43,-0.34,5.01,4.82,127.84,6.49,1
6956,220901071-411,4,58.05,51,49.03,-2.44,-7.12,-0.43,5.28,5.13,125.43,6.02,1
6957,220901012-311,3,71.75,36,61.31,-2.67,-9.66,-0.59,5.4,4.6,140.93,7.99,1
6958,220901151-511,5,64.12,36,53.35,-2.16,-7.65,-0.3,4.84,4.63,129,6.55,1
6959,220901103-412,4,56.47,37,47.83,-2.07,-7.2,-0.16,4.58,4.44,130.72,6.94,1
6960,220901221-711,7,65.05,21,52.02,-2.53,-8.17,-0.6,6.12,5.64,132.18,6.51,1
6961,220901061-711,7,59.37,68,48.32,-2.06,-7.43,0,5.37,4.57,133,6.71,1
6962,220901041-614,6,58.73,29,56.79,-3.99,-8.59,-1.11,5.77,5.07,148.67,9,1
6963,220901082-111,1,66.87,27,53.12,-2.8,-9.43,-1.28,5.12,4.81,126.7,6.51,1
6964,220901271-613,6,63.92,30,52.58,-3.06,-8.81,-0.32,5.48,4.87,122.59,6.51,1
6965,220901311-611,6,58.2,62,48.18,-2.98,-8.28,-0.91,6.02,5.28,141.3,8.52,1
6966,220901262-212,2,63.17,93,52.07,-4.94,-9.32,-0.18,5.27,4.89,131.79,6.52,1
6967,220901431-412,4,63.97,37,52.61,-2.9,-9.35,1.37,4,4.36,132.83,6.54,1
6968,220901281-611,6,67.47,74,56.48,-3.32,-9.39,-0.68,4.3,4.42,131.56,6.54,1
6969,220901112-311,3,56.93,35,46.98,-2.03,-7.66,-0.67,4.33,3.95,141.55,7.53,1
6970,220901172-411,4,69.37,31,57.27,-2.42,-8.96,-0.01,4.81,4.63,128.68,6.01,1
6971,220900982-611,6,63.62,51,52.19,-2.51,-7.63,-0.11,4.37,4.43,128.74,7.02,1
6972,220901022-412,4,60.46,41,50.35,-2.72,-7.07,-0.25,4.83,4.73,148.11,7.53,1
6973,220901331-511,5,63.75,50,53.05,-3.52,-8.58,-0.21,5.39,4.8,126.93,6.59,1
6974,220901391-616,6,66.59,19,55.37,-4.03,-9.83,-1.47,5.65,5.11,125.04,7.3,1
6975,220901401-511,5,65.96,45,54.5,-2.58,-8.89,-0.05,3.7,3.85,131.9,6.53,1
6976,220901191-411,4,54.72,29,44.69,-1.49,-6.72,-0.51,4.81,4.63,132.72,7.02,1
6977,220901301-211,2,68.7,28,57.56,-1.79,-8.37,-0.33,4.74,4.44,151.83,10.75,1
6978,220901001-713,7,61.98,21,50.95,-3.26,-8.87,-0.86,5.87,5.76,136.48,7.01,1
6979,220901411-711,7,71.79,21,54.26,-2.62,-9.1,-1.2,6.41,5.41,125.04,6.77,1
6980,220901041-613,6,67.08,26,56.45,-3.21,-8.5,-0.99,5.42,4.87,143.96,8.53,1
6981,220901132-211,2,60.91,44,52.54,-3.16,-5.78,-0.48,5.14,4.16,123.62,6.94,1
6982,220901361-612,6,65.35,45,53.21,-2.57,-8.05,-0.51,5.23,4.68,138.29,7.01,1
6983,220901381-211,2,86.38,31,69.04,-3.35,-11.66,-1.3,4.18,3.84,148.39,8.82,1
6984,220901253-311,3,55.91,24,44.41,-2.27,-7.63,-0.13,5.24,4.95,128.14,6.51,1
6985,220901051-411,4,58.93,44,48.11,-2.38,-6.75,-0.78,5.41,4.82,126.07,6.54,1
6986,220901151-411,4,64.78,32,53.45,-2.18,-8.01,-0.35,3.84,4.38,131.94,6.52,1
6987,220901121-611,6,58.07,39,48.37,-2.15,-7.59,-0.5,4.32,4.42,161.44,7.53,1
6988,220901341-511,5,67.99,55,57.14,-2.7,-8.95,-0.18,5.85,4.92,128.98,6.53,1
6989,220901031-411,4,83.62,19,70.1,-3.62,-10.73,-0.12,5.24,4.73,132.01,7.51,1
6990,220901352-113,1,53.47,30,45,-2.15,-6.15,-0.74,5.05,4.82,129.49,6.84,1
6991,220901181-511,5,61.51,56,49.21,-1.86,-7.2,-0.22,4.74,4.99,137.49,6.04,1
6992,220901201-511,5,62.75,49,53.14,-2.13,-7.94,-0.38,4.25,4.17,127.51,7.03,1
6993,220901211-513,5,58.81,37,51.87,-2.49,-6.73,-0.87,4.96,4.12,124.51,6.61,1
6994,220900972-414,4,74.16,19,63.68,-3.29,-8.47,-1.17,5.34,4.71,122.27,6.54,1
6995,220901271-611,6,62.27,41,52.56,-2.65,-8.94,0.51,4.42,4.45,121.78,6.73,1
6996,220901103-411,4,49.48,48,47.97,-1.77,-7.04,-0.27,4.57,4.14,130.74,6.9,1
6997,220901391-614,6,63.82,38,55.42,-3.19,-7,-0.64,4.82,4.8,130.38,6.9,1
6998,220901442-312,3,60.06,23,50.46,-2.83,-8.63,-0.77,4.49,4.7,125.02,6.77,1
6999,220901172-311,3,67.68,49,57.53,-2.67,-8.95,0.29,3.82,4.26,132.59,5.54,1
7000,220901012-211,2,64.63,57,52.09,-2.2,-6.84,-0.33,4.82,4.54,139.51,7.95,1
7001,220901411-611,6,66.7,36,54.23,-2.59,-9,-0.2,5.35,4.82,124.83,6.82,1
7002,220901221-611,6,64.79,25,52.04,-2.56,-8.59,-0.24,4.2,4.7,123.9,6.52,1
7003,220901141-413,4,57.41,28,48.46,-2.51,-6.28,-1.15,4.99,4.83,121.54,5.9,1
7004,220901091-412,4,61.18,18,51.88,-2.87,-7.34,-0.84,6.29,5.28,123.56,6.35,1
7005,220901321-211,2,58.93,40,50.37,-2.34,-7.38,-0.47,5.1,4.66,127.73,6.49,1
7006,220901041-612,6,66.17,32,56.65,-3.16,-8.01,-0.97,4.74,4.86,143.43,8.51,1
7007,220901071-312,3,56.6,31,49.14,-2.35,-7.11,-1.05,5.95,5.26,124.57,6.02,1
7008,220901242-414,4,62.25,30,50.82,-2.41,-7.68,-0.56,5.34,5,126.98,6.04,1
7009,220900991-213,2,59.4,43,50.43,-2.84,-7.31,-0.39,5.21,4.55,127.06,6.93,1
7010,220901421-713,7,58.01,96,48.74,-2.31,-6.96,0.05,5.44,5.15,130.68,7.01,1
7011,220901231-411,4,59.27,31,47.18,-1.9,-7.51,-0.18,5.01,4.77,123.43,6.52,1
7012,220901181-412,4,58.27,27,49.17,-1.85,-7.39,-0.49,4.67,4.16,142.24,6,1
7013,220901361-511,5,64.68,27,53.41,-2.28,-7.68,0,4.82,4.25,140.52,7.24,1
7014,220901271-511,5,67.73,39,52.61,-2.56,-8.95,0.03,5.4,5.03,123.67,6.72,1
7015,220901311-511,5,61.05,44,47.99,-3.16,-7.6,-0.7,5.1,4.9,140.26,8.52,1
7016,220901371-611,6,63.01,68,49.64,-2.89,-8.06,-0.83,4.8,4.36,151.72,8.55,1
7017,220901281-512,5,66.83,37,56.64,-3.14,-9.12,-0.68,5.06,4.41,128.46,6.82,1
7018,220901112-211,2,57.07,27,47.21,-1.82,-7.39,-0.92,4.5,3.97,143.27,7.53,1
7019,220901103-311,3,57.82,54,47.92,-2.34,-6.88,-0.21,4.57,4.41,130.22,6.53,1
7020,220901061-612,6,58.19,22,48.41,-1.96,-7.06,-0.19,5.08,4.74,127.9,6.52,1
7021,220901041-611,6,64.94,35,56.66,-2.57,-7.98,-3.08,0.47,0.58,146.84,4.75,1
7022,220901262-114,1,63.21,46,54.28,-3.49,-6.92,-0.59,5.83,5.51,125.41,6.52,1
7023,220901431-312,3,63.47,47,52.5,-3.02,-8.83,0.19,5.77,5.17,126.59,6.52,1
7024,220901391-611,6,65.18,52,54.89,-2.7,-9.38,-0.64,5.77,5.15,125.15,6.91,1
7025,220901291-114,1,62.44,25,53.33,-2.31,-7.86,-1.38,5.73,5,126.12,6.8,1
7026,220901191-311,3,53.45,47,44.6,-1.89,-6.84,-0.43,4.6,4.67,128.46,6.88,1
7027,220900982-511,5,61.07,39,52.11,-2.56,-7.64,-0.28,4.29,4.2,126.22,7.03,1
7028,220901001-711,7,62.05,29,50.74,-1.98,-8.61,-0.42,5.31,4.84,138.82,7.5,1
7029,220901161-712,7,60.95,7,51.36,-1.66,-8.29,-1.39,5.68,5.04,127.43,6.7,1
7030,220901331-411,4,62.68,52,53.35,-3.32,-8.37,-0.49,4.44,4.3,128.16,6.83,1
7031,220901401-411,4,65.09,35,55.34,-1.69,-7.89,-0.91,3.89,3.7,129.56,6.74,1
7032,220901022-311,3,57.96,60,50.27,-2.73,-7.11,-0.26,5.43,5.02,138.59,7.5,1
7033,220901132-111,1,60.89,54,52.89,-3.4,-7.96,-0.68,4.41,4.37,127.02,7.05,1
7034,220901201-412,4,64.78,22,53.23,-2.04,-8.13,-0.53,4.82,4.71,126.63,6.83,1
7035,220901321-112,1,61.21,29,50.22,-2.47,-7.43,-0.69,4.97,4.67,130.98,6.61,1
7036,220901341-411,4,67.23,64,57.66,-2.6,-8.3,-0.76,4.94,4.99,130.33,6.98,1
7037,220901121-512,5,57.58,32,47.92,-2.54,-7.99,-0.57,5.36,5.15,157.74,7.51,1
7038,220901051-311,3,59.42,40,48.17,-2.22,-6.83,-0.14,4.9,4.36,129.69,6.51,1
7039,220901253-213,2,51.29,89,43.24,-2.61,-6.65,-0.32,5.35,4.99,143.96,7,1
7040,220901301-113,1,72.47,31,56.76,-2.46,-10.38,-0.37,6.36,5.74,146.82,10.72,1
7041,220901172-212,2,68.64,41,57.4,-2.71,-9.73,-0.32,5.61,5.33,128.23,5.5,1
7042,220901211-411,4,63.98,25,51.98,-1.83,-7.37,-0.58,4.5,4.47,137.34,6,1
7043,220901151-311,3,63.79,72,53.56,-2.61,-7.98,-0.75,5.12,4.64,128.87,6.53,1
7044,220901081-414,4,63.8,16,52.42,-3.56,-8.72,-0.78,5.15,4.76,128.83,7,1
7045,220901031-314,3,86.82,27,70.5,-3.8,-10.75,-0.31,5.43,5.3,132.74,7.53,1
7046,220901071-211,2,64.18,43,49.29,-2.39,-6.87,-0.67,5.32,4.76,126.22,6.01,1
7047,220901381-112,1,80.66,27,69.24,-3.7,-10.27,-1.86,5.73,4.94,139.17,8.5,1
7048,220900972-312,3,73.98,21,64.01,-2.4,-8.06,-1.29,5.68,4.99,125.3,6.53,1
7049,220901001-612,6,59.7,22,50.86,-1.83,-8.45,-0.32,4.96,4.65,140.67,7.51,1
7050,220901391-511,5,67.27,36,55.16,-2.42,-9.71,-0.71,5,4.36,125.36,6.8,1
7051,220901191-212,2,53.46,33,44.61,-1.94,-6.77,-0.41,5.38,4.56,127.08,6.5,1
7052,220901411-511,5,67.42,25,54.3,-2.54,-9.64,-0.86,6.04,5.01,123.26,6.75,1
7053,220901041-511,5,67.97,40,56.58,-2.62,-8.27,-1,5.32,4.94,144.35,8.51,1
7054,220901221-511,5,63.31,44,52.27,-2.32,-8.57,-0.13,3.85,4.25,127.79,6.52,1
7055,220901161-711,7,61.66,33,49.63,-1.83,-7.93,-0.44,5.95,5.3,126.65,6.89,1
7056,220901442-213,2,61.43,39,50.37,-4.36,-9.2,-0.48,5.22,4.64,128.98,6.9,1
7057,220901141-312,3,56.82,42,48.48,-2.81,-7.33,-0.82,5.54,4.77,121.95,6.5,1
7058,220901291-113,1,61.62,24,53.56,-2.14,-7.37,-1.25,5.75,4.64,141.19,6.73,1
7059,220901112-112,1,57.83,19,47.37,-1.62,-7.29,-0.69,4.83,4.79,142.03,7.51,1
7060,220901231-312,3,56.71,22,47.38,-1.89,-7.09,-0.13,4.7,5.07,127.62,6.83,1
7061,220901271-412,4,63.08,30,52.58,-2.6,-9.61,0.09,5.39,5.11,123.41,6.53,1
7062,220901361-411,4,58.05,24,53.37,-2.26,-7.66,-0.53,4.75,4.22,127.79,7.2,1
7063,220901181-311,3,57.37,58,49.11,-2.21,-7.03,-0.36,5.03,4.72,132.22,6.5,1
7064,220901421-712,7,58.36,28,48.68,-2.41,-7.75,0.1,4.58,4.55,129.04,7.5,1
7065,220901081-413,4,63.85,24,51.97,-2.67,-8.1,-0.13,5.16,4.86,131,6.5,1
7066,220901172-112,1,67.92,29,57.47,-2.74,-8.98,-0.21,4.76,4.74,127.49,6.03,1
7067,220901311-411,4,58.22,45,48.23,-2.92,-7.21,-0.95,5.06,4.42,143.08,8.52,1
7068,220901281-411,4,67.71,30,57.05,-2.73,-8.74,-0.63,3.99,3.87,128.76,6.54,1
7069,220901242-314,3,60.27,29,51.58,-2.2,-6.69,-0.71,5.28,4.63,127.64,6.5,1
7070,220901103-211,2,56.47,61,48.14,-2.14,-6.44,-0.69,4.44,3.98,126.33,6.5,1
7071,220901131-312,3,63.44,18,52.8,-3.96,-8.2,-1.51,5.05,4.64,124.08,6.9,1
7072,220901371-511,5,61.33,50,50.08,-2.52,-6.87,-0.86,5.14,4.3,145.9,8.55,1
7073,220900991-113,1,61.74,21,51.14,-2.08,-6.3,-1,4.72,3.77,115.43,6.56,1
7074,220901061-511,5,57.51,24,48.1,-2.26,-7.31,-0.27,4.89,4.72,125.9,6.54,1
7075,220901351-614,6,54.51,47,45.57,-2.82,-6.18,-0.83,3.73,3.85,136.22,7.01,1
7076,220900982-412,4,63.81,20,52.45,-2.13,-7.47,-0.97,4.98,4.81,122.16,7.02,1
7077,220901331-311,3,64.04,38,53.33,-3.28,-8.26,-0.64,5.06,4.44,123.5,6.05,1
7078,220901022-212,2,59.26,41,50.67,-2.36,-6.79,-0.7,5.39,4.43,139.99,7.53,1
7079,220901431-211,2,62.34,35,53.19,-2.39,-8.38,0.85,5.01,4.72,125.54,6.54,1
7080,220901401-311,3,67.05,20,54.72,-1.99,-8.88,-0.46,5.01,4.6,129.39,6.53,1
7081,220901112-111,1,58.05,84,46.99,-2.53,-7.57,-0.54,5.13,4.78,142.8,7.51,1
7082,220901341-311,3,66.89,45,57.59,-2.63,-8.07,-0.4,4.92,4.47,133.64,7,1
7083,220901051-212,2,55.15,21,48.09,-2.4,-6.77,-0.72,4.39,4.06,123.6,6.51,1
7084,220901121-413,4,57.3,46,47.8,-3.17,-7.97,-0.83,5.19,4.87,159.25,7.53,1
7085,220901201-312,3,62.79,33,53.28,-2.1,-7.59,-0.53,4.53,4.72,128.1,6.83,1
7086,220901211-311,3,61.71,63,51.84,-2.52,-7.7,-0.12,4.85,4.84,128.96,6.03,1
7087,220901442-212,2,60.79,20,51.01,-3.21,-8.69,-0.92,4.57,4.5,128.25,6.8,1
7088,220901151-212,2,62.37,37,53.37,-2.78,-8.14,-0.86,5.34,4.59,125.6,6.53,1
7089,220901071-111,1,60.65,26,49.62,-1.97,-6.52,-0.83,5.19,4.87,124.36,6.04,1
7090,220901253-111,1,53.26,24,44.24,-1.8,-5.66,0.38,4.52,4.43,136.78,6.8,1
7091,220901411-412,4,65.86,19,54.67,-2.18,-9.22,-1.38,5.59,5.18,116.79,6.39,1
7092,220901421-711,7,59.99,45,48.99,-1.75,-6.92,-0.04,5.17,4.53,128.91,7.03,1
7093,220901001-512,5,65.83,30,51.29,-2.25,-9.04,-0.55,4.59,3.97,138.42,7.51,1
7094,220901391-411,4,69.65,71,55.4,-3.09,-9.79,-0.88,4.81,4.58,126.48,6.51,1
7095,220900972-211,2,76.77,69,64.1,-3.32,-9.45,-1.28,4.97,4.39,121.63,6.53,1
7096,220901181-212,2,59.17,28,49.39,-1.95,-7.01,-0.77,5.08,4.75,128.91,6.53,1
7097,220801322-811,8,61.04,68,50.17,-2.67,-7.57,-0.41,3.65,3.73,138.82,7.06,1
7098,220901131-311,3,63.46,30,51.94,-3.27,-8.07,-0.43,4.9,4.46,137.66,7,1
7099,220901031-213,2,83.48,27,70.44,-4.35,-10.7,-0.46,4.85,4.95,131.06,7.52,1
7100,220901261-512,5,61.12,16,52.25,-2.08,-5.84,-0.36,4.45,4.51,129.39,6.54,1
7101,220901221-412,4,68.29,18,52.09,-3.05,-9.53,-0.33,5,5.12,129.21,6.7,1
7102,220901081-411,4,62.58,35,51.62,-2.96,-9.17,-0.06,4.8,4.63,129.64,6.52,1
7103,220901191-114,1,53.88,46,44.8,-2.52,-7.36,-0.58,5.36,4.42,132.85,6.53,1
7104,220901011-614,6,62.01,22,52.46,-3.47,-7.59,-0.75,3.76,3.71,140.67,8.3,1
7105,220901161-612,6,62.98,31,49.53,-2.61,-8.91,-0.84,5.69,4.56,122.76,6.86,1
7106,220801292-811,8,63.75,82,52.77,-2.39,-7.41,-0.26,5.15,4.59,135.43,7,1
7107,220901041-411,4,69.95,33,56.7,-2.55,-8.28,-0.91,4.85,4.53,141.64,8.53,1
7108,220901141-211,2,58.78,27,48.67,-2.53,-5.94,-1.07,5.51,4.8,120.38,6.32,1
7109,220901091-213,2,63.06,16,52.11,-2.55,-7.65,-1.46,6.22,4.95,123.5,6.53,1
7110,220901351-613,6,53.1,54,45.12,-1.88,-5.83,-0.37,5.42,5.15,142.72,7,1
7111,220801302-616,6,70.5,24,57.39,-2.77,-9.25,-0.32,4.2,3.68,152.71,10.7,1
7112,220901361-311,3,62.17,32,53.37,-2.37,-7.48,-0.23,4.73,4.48,129.9,6.62,1
7113,220901442-112,1,62.01,22,51.53,-2.69,-7.78,-0.87,4.12,4.37,126.33,6.7,1
7114,220901311-311,3,59.71,36,48.39,-2.79,-7.96,-0.98,5.44,5.03,137.08,8.44,1
7115,220901271-312,3,64.27,19,53.09,-2.34,-9.18,-0.6,4.93,4.93,121.97,6.53,1
7116,220901231-214,2,55.93,29,47.35,-2.95,-7.05,-0.56,5.07,4.11,124.53,6.96,1
7117,220901281-311,3,69.48,22,57.01,-2.71,-8.77,-0.68,4.64,4.65,125.45,6.54,1
7118,220901061-411,4,58.35,39,48.42,-1.95,-7.17,-0.28,4.46,4.13,126.4,6.53,1
7119,220901103-113,1,56.96,33,48.14,-2.15,-6.87,-0.57,5.38,4.43,128.98,7.2,1
7120,220901331-211,2,65,25,53.8,-2.82,-8.03,-0.76,4.84,3.7,125.39,7.05,1
7121,220901431-112,1,67.81,22,52.59,-2.8,-9.1,0.63,5.47,5.33,127.36,6.7,1
7122,220901421-611,6,58.94,34,48.44,-2.32,-7.64,-0.04,5.01,4.99,123.9,7.03,1
7123,220901081-311,3,63.15,50,52.11,-2.69,-8.86,-0.54,4.23,4.68,132.18,6.53,1
7124,220801382-712,7,82.09,13,69.76,-3.25,-9.35,-2.97,5.47,5.3,141.49,8.9,1
7125,220901111-514,5,57.82,12,47.41,-4.01,-6.86,-1.45,5,4.7,157.29,8.3,1
7126,220901022-112,1,59.84,43,50.34,-2.71,-6.35,-0.45,4.67,4.24,142.59,7.53,1
7127,220901401-211,2,65.15,87,54.42,-2.87,-9.91,-0.76,4.55,4.09,126.78,6.54,1
7128,220901131-216,2,63.06,19,52.03,-3.7,-8.01,-1.16,6.48,5.52,129,6.65,1
7129,220900982-311,3,64.4,43,51.72,-2.81,-8.28,-0.35,5.49,5.24,123.78,6.52,1
7130,220901371-411,4,62.57,63,49.96,-2.59,-7.19,-0.76,5.2,4.81,142.89,8.53,1
7131,220901252-216,2,52.55,24,43.14,-3.16,-6.51,-0.18,5.05,4.43,135.73,6.5,1
7132,220901411-311,3,65.43,42,53.89,-3.23,-9.83,-0.47,5.23,5.2,124.72,6.44,1
7133,220901011-612,6,60.74,28,52.48,-1.96,-6.38,-0.67,4.12,4.46,143.68,8.3,1
7134,220901431-111,1,64.52,29,52.66,-2.86,-9.12,0.3,6.47,5.68,120.72,6.53,1
7135,220901341-213,2,66.98,28,57.54,-2.75,-8.65,-0.85,6.01,5.14,126.16,6.81,1
7136,220901242-213,2,59.63,37,51.2,-2.34,-7.78,-1.07,4.89,4.89,126.2,6.51,1
7137,220901211-213,2,61.42,38,51.81,-2.94,-8.07,-0.43,4.48,4.57,133.08,6,1
7138,220901171-712,7,68.4,15,57.01,-4.09,-9.25,-0.89,6.45,5.83,124.31,6.03,1
7139,220901051-113,1,55.17,40,48.14,-2.91,-7.03,-0.96,6.29,5.17,122.7,6.53,1
7140,220901121-311,3,60.68,34,48.46,-2.45,-7.94,-0.84,5.18,4.34,156.41,7.54,1
7141,220901201-212,2,65.37,16,53.41,-2.04,-7.36,-0.55,4.81,4.64,128.76,6.5,1
7142,220901151-114,1,62.53,46,53.67,-3.07,-7.79,-0.59,4.38,4.84,129.88,6.8,1
7143,220901001-412,4,63.73,31,51.46,-2.26,-9.14,-0.58,4.8,4.87,137.81,7.53,1
7144,220901391-311,3,67.18,72,55.5,-2.93,-8.11,-1.06,4.75,3.94,125.02,6.53,1
7145,220900972-112,1,76.23,22,64.41,-2.99,-9.09,-1.58,5.17,4.49,120.87,6.28,1
7146,220901331-114,1,64.69,23,54.08,-3,-7.65,-0.86,5.15,5.05,134.07,7.02,1
7147,220901131-215,2,62.13,21,52.74,-2.99,-7.84,-1.32,4.78,4.32,133.88,7.02,1
7148,220901442-111,1,62.06,30,50.99,-2.26,-8.42,-0.72,5.1,4.98,109.91,6.32,1
7149,220901351-511,5,53.37,58,45.2,-1.86,-6.23,-0.43,4.93,4.7,137.6,7.01,1
7150,220901261-511,5,61.06,37,51.86,-2.53,-8.24,-0.16,5.22,5.1,127.04,6.51,1
7151,220801322-711,7,61.01,59,50.37,-2.34,-7.41,-0.43,4.06,4.17,133.49,7.05,1
7152,220901181-112,1,57.9,53,49.28,-2.55,-6.98,-0.51,4.98,5.14,129.77,6.54,1
7153,220901161-511,5,61.17,85,49.59,-4.18,-8.38,-0.21,5.19,4.76,126.16,6.86,1
7154,220901221-311,3,65.11,63,52.37,-4.84,-9.93,-0.19,4.64,4.2,122.57,6.52,1
7155,220901111-513,5,55.6,30,47.15,-2.01,-6.65,-0.77,4.27,4.25,160.26,8.5,1
7156,220901311-211,2,57.62,56,48.26,-3.45,-8.02,-0.99,5.48,5.2,137.28,8.52,1
7157,220901031-111,1,83.13,13,71.41,-2.67,-9.44,-1.15,5.78,5.32,134.8,7.53,1
7158,220901011-611,6,61.38,57,52.35,-2.13,-6.26,-0.44,4.66,4.13,144.91,8.02,1
7159,220901103-112,1,56.53,32,48.24,-2.04,-7.1,-0.64,4.87,4.63,126.57,6.54,1
7160,220801292-711,7,64.25,79,52.36,-2.72,-8.11,-0.48,5.58,5.04,128.98,6.75,1
7161,220901081-214,2,63.5,22,52.68,-2.08,-8.24,-0.77,4.3,4.12,134.29,6.53,1
7162,220901041-311,3,66.66,36,56.53,-2.77,-8.5,-1.03,5.65,5.27,138.2,8.52,1
7163,220901141-113,1,57.51,26,48.64,-2.65,-7.19,-0.85,5.91,5.39,122.66,6.51,1
7164,220800991-712,7,62.73,17,50.38,-3.57,-8.14,-1.68,6.9,5.55,130.1,6.53,1
7165,220801071-711,7,60.45,35,49.42,-2.23,-6.85,-0.29,5.06,5.3,127.32,6,1
7166,220901171-711,7,69.58,50,57.54,-2.25,-8.96,0.2,4.23,4.31,133.54,6.02,1
7167,220901252-215,2,53.38,33,43.21,-2.17,-6.71,-0.14,4.64,4.79,149.55,6.7,1
7168,220901361-211,2,62.82,22,53.64,-2.06,-7.38,-0.87,4.58,4.51,128.01,6.51,1
7169,220801432-713,7,64.34,46,52.38,-3.69,-9.63,0.59,4.78,4.54,127.51,6.5,1
7170,220901061-311,3,58.06,71,48.04,-2.4,-7.52,-0.04,4.48,4.64,125.41,6.8,1
7171,220901281-211,2,67.61,45,57.2,-2.64,-8.47,-0.54,4.75,4.56,128.46,6.53,1
7172,220901091-112,1,63.35,24,52.1,-3.08,-8.24,-1.08,5.88,4.82,121.35,6.51,1
7173,220901261-412,4,61.52,17,51.82,-2.58,-8.75,0.1,5.36,5.22,127.86,6.71,1
7174,220901271-212,2,57.05,45,52.63,-2.89,-9.58,-0.19,5.24,5.14,122.74,6.52,1
7175,220801302-612,6,66.93,39,56.15,-2.39,-9.67,-0.56,5.02,4.4,147.02,10.75,1
7176,220901011-511,5,61.87,65,52.42,-2.48,-6.84,-0.84,4.82,4.25,142.01,8.03,1
7177,220901131-212,2,62.01,35,52.8,-1.88,-9.03,-1.09,4.51,4.7,129.99,6.94,1
7178,220900982-211,2,63.37,80,51.95,-3.33,-8.37,0.07,5.55,5.02,122.14,6.54,1
7179,220901411-211,2,66.53,52,54.34,-3.93,-9.53,-0.35,4.59,4.49,127.43,6.54,1
7180,220901401-111,1,65.84,89,55.02,-2.8,-9.46,-0.23,4.23,4.15,130.78,6.52,1
7181,220901231-112,1,56.2,32,47.21,-2.76,-8.21,-0.02,5.12,4.93,125.58,6.72,1
7182,220901331-113,1,63.81,34,53.79,-2.88,-7.73,-0.72,5.4,5.08,127.97,6.35,1
7183,220801382-612,6,85.07,31,68.71,-3.77,-13.5,-1.36,5.33,4.2,148.43,8.53,1
7184,220901021-435,4,61.39,45,49.22,-4.81,-9.06,0.84,3.98,3.97,134.44,7.53,1
7185,220901371-311,3,61.61,39,50.09,-2.5,-8.2,-0.82,5.24,4.38,140.16,8.7,1
7186,220901252-214,2,53.24,35,42.77,-2.52,-6.79,-0.14,5.84,5.3,128.29,6.5,1
7187,220901141-112,1,57.24,33,48.54,-2.68,-7.09,-1.3,5.89,5.49,120.7,6.17,1
7188,220901121-211,2,60.2,39,48.8,-2.02,-7.76,-0.58,4.88,4.43,156.54,7.52,1
7189,220901081-212,2,62.43,42,51.83,-2.96,-9.01,-0.06,4.67,4.34,127.51,6.52,1
7190,220801192-614,6,55.88,21,45.43,-2.85,-7.6,-1.49,4.78,4.16,124.68,6.53,1
7191,220901351-412,4,54.05,21,45.04,-2.03,-6.3,-0.82,5.51,4.89,129.54,6.87,1
7192,220901131-111,1,61.24,35,52.19,-2.67,-7.96,-1.26,5.46,5.31,119.65,5.92,1
7193,220901242-112,1,60.21,27,51.39,-2.2,-7.16,-0.68,5.51,4.59,125.21,6.53,1
7194,220800991-711,7,64.75,21,50.15,-2.24,-7.63,-0.93,5.91,5.15,115.88,6.22,1
7195,220801442-712,7,62.31,20,51.07,-2.71,-8.3,-0.95,5.01,4.54,128.83,6.52,1
7196,220901001-311,3,63.88,35,51.28,-2.46,-8.39,-0.32,4.59,3.98,140.65,7.52,1
7197,220901341-112,1,70.03,24,57.9,-2.88,-8.57,-0.88,5.27,4.81,140.82,7.3,1
7198,220901261-411,4,63.03,28,51.85,-2.53,-8.6,-0.42,4.97,4.75,127.36,6.5,1
7199,220901391-221,2,67.63,28,55.5,-2.9,-9.85,-0.86,4.52,4.59,125.75,6.53,1
7200,220901101-322,3,57.07,11,48.7,-2.42,-7.43,-1.83,5.8,5.33,110.17,6.28,1
7201,220901201-111,1,63.12,35,53.8,-1.46,-6.55,0.08,4.59,4.4,134.82,6.53,1
7202,220901211-111,1,61.38,27,52.42,-1.86,-7.24,-0.67,5.13,4.65,125.11,6.04,1
7203,220901171-611,6,68.41,45,57.75,-2.01,-8.48,-0.48,4.43,4.36,131.3,6.03,1
7204,220801322-611,6,60.64,35,49.76,-2.99,-6.53,-0.58,5.43,4.5,126.14,6.7,1
7205,220901111-411,4,59.49,39,46.9,-2.23,-7.53,-0.5,4.77,4.71,156.05,8.05,1
7206,220901161-411,4,60.57,63,49.8,-3.94,-6.17,-0.49,4.82,4.23,124.29,6.89,1
7207,220901221-211,2,64.73,41,52.99,-4.18,-9.06,-1.02,4.64,3.79,121.67,6.53,1
7208,220901242-111,1,59.9,85,51.72,-1.76,-7.49,-0.3,4.24,4.29,127.56,6.53,1
7209,220901061-214,2,56.87,33,48.42,-2.37,-7.45,-0.29,5.15,5,128.57,6.53,1
7210,220901011-412,4,61.41,32,52.34,-2.56,-7.35,-0.58,4.75,3.94,140.05,8.4,1
7211,220801292-611,6,62.94,87,52.81,-2.8,-7.97,-0.86,5.23,4.97,129.51,3.68,1
7212,220901361-111,1,63.15,26,53.57,-2.22,-7.36,-0.88,5.14,4.82,129.99,6.51,1
7213,220901311-111,1,57.26,54,48.18,-3.46,-8.25,-0.89,6.19,5.91,130.72,7.93,1
7214,220901081-121,1,63.42,22,51.95,-2.83,-9.13,-0.46,5.31,4.77,128.63,6.54,1
7215,220901021-432,4,58.09,46,50.56,-2.71,-7.16,-0.34,4.42,4.08,147.6,7.7,1
7216,220801151-612,6,63.04,26,53.63,-2.34,-8.64,-0.6,4.48,4.27,132.89,7,1
7217,220901261-312,3,65.79,17,52.01,-2.28,-8.72,-0.62,5.48,5.12,127.99,6.54,1
7218,220901041-211,2,68.05,22,56.22,-2.52,-9.21,-1.04,5.85,5.34,135.13,8.53,1
7219,220901351-411,4,54.61,40,45.33,-1.78,-6.25,-0.59,5.28,4.86,137.99,7.04,1
7220,220801302-511,5,66.94,63,56.12,-2.91,-9.7,-0.26,4.82,4.22,143.88,10.75,1
7221,220900971-341,3,75.54,16,64.41,-3.5,-9.44,-1.47,4.24,4.39,120.33,6.53,1
7222,220901411-113,1,65.75,33,53.93,-4.21,-10.56,-0.9,5.96,4.99,122.53,6.33,1
7223,220901281-121,1,67.33,29,56.65,-3.04,-9,-0.98,5.31,4.98,127.24,6.52,1
7224,220801051-521,5,57.91,28,48.77,-3.73,-7.42,-1.35,4.7,4.23,110.06,6.35,1
7225,220901101-321,3,58.13,27,47.67,-3.08,-7.86,-0.34,5.05,5,127.84,6.71,1
7226,220801071-612,6,58.04,40,49.34,-2.32,-7.23,-0.44,5.09,5.27,126.5,6.4,1
7227,220801032-621,6,81.53,26,70.22,-4.85,-10.1,-0.51,6.11,5.29,131.13,7.8,1
7228,220901421-414,4,56.85,61,48.46,-2.83,-7.35,-0.15,5.05,4.39,128.33,7.03,1
7229,220800991-611,6,60.37,44,50.33,-2.38,-7.49,-0.72,4.44,3.93,124.31,7.01,1
7230,220901341-111,1,68.75,37,58.05,-2.32,-8.23,-0.05,4.57,4.55,145.64,7.01,1
7232,220901271-114,1,63.25,48,52.73,-3.66,-9.34,-0.36,5.19,4.87,123.65,6.9,1
7233,220801091-521,5,64.12,36,52.15,-4.6,-9.41,-0.48,4.5,4.05,121.26,7.1,1
7234,220900982-112,1,62.3,43,51.72,-3.55,-7.55,-0.56,5.49,5.08,121.63,6.34,1
7235,220901252-111,1,51.94,57,42.88,-2.5,-7.31,-0.01,4.51,4.51,126.72,6.51,1
7236,220801142-613,6,59.6,27,48.52,-2.69,-6.58,-0.93,4.84,4.98,121.9,6.53,1
7237,220901121-113,1,60.28,38,48.23,-3.05,-6.5,-0.61,4.92,4.82,158,7.5,1
7238,220801181-521,5,58.79,38,49.25,-4.66,-8.53,-1.42,4.51,3.99,122.42,6.5,1
7239,220901391-211,2,66.82,33,55.64,-2.82,-9.63,-1.11,4.55,4.11,123.75,6.53,1
7240,220801332-621,6,64.42,34,53.75,-3.43,-7.88,-0.18,4.24,4.51,165.89,7.01,1
7241,220801442-711,7,60.3,48,50.96,-2.27,-8.71,0.03,4.69,4.01,132.7,6.53,1
7242,220801432-611,6,66.18,31,53.21,-2.54,-9.44,0.59,3.98,3.91,130.05,6.82,1
7243,220901371-211,2,61.63,35,50.07,-2.5,-7.64,-0.68,4.83,4.4,136.63,8.54,1
7244,220901101-313,3,56.98,32,47.73,-2.55,-6.84,-0.52,5.04,4.32,129.13,6.51,1
7245,220901111-313,3,55.31,25,47.16,-1.97,-6.99,-0.91,4.69,4.56,158.58,8.05,1
7246,220901011-411,4,62.59,72,52.02,-3.1,-6.81,-0.45,5.16,4.82,140.35,8,1
7247,220901001-211,2,63.34,31,51.65,-2.11,-8.85,0.46,3.89,3.86,148.89,7.82,1
7248,220901261-311,3,60.36,68,51.6,-3.6,-8.52,-0.07,6.05,5.16,125.69,6.53,1
7249,220901351-311,3,52.51,49,45.22,-1.87,-6.05,-0.94,5.1,4.8,129.9,7.1,1
7250,220901021-421,4,58.86,47,50.09,-2.62,-7.49,-0.55,5.32,5.56,138.29,7.8,1
7251,220801382-512,5,81.54,32,68.29,-4.03,-11.36,-1.1,6.05,5.4,143.15,8.51,1
7252,220801192-611,6,55.64,23,44.83,-2.05,-7.04,-0.31,4.12,4.2,129.09,6.51,1
7253,220901241-231,2,62.28,12,51.52,-3.07,-7.9,-1.25,5.89,5.41,123.37,6.54,1
7254,220901171-511,5,68.3,56,57.49,-2.36,-9.2,-0.15,4.54,4.88,129.21,6.04,1
7255,220901391-111,1,69.44,37,55.1,-3.39,-9.93,-0.77,5.62,5.29,122.4,6.52,1
7256,220801401-541,5,69.12,8,55.72,-3.6,-8.83,-2.84,5.99,5.67,105.41,5.75,1
7257,220900971-331,3,74.46,16,64.15,-3.28,-8.7,-1.5,5.68,5.02,120.31,6.53,1
7258,220801232-514,5,58.67,24,47.36,-2.64,-8.59,0.11,3.36,3.7,130.91,7.04,1
7259,220801051-512,5,57.99,16,48.24,-2.32,-7.08,-1.37,4.29,5.24,111.46,6.35,1
7260,220801322-511,5,59.83,72,50.18,-2.66,-7.46,-0.76,4.92,5.3,128.1,6.51,1
7261,220901281-111,1,66.58,76,57.16,-3.16,-8.35,-0.44,4.77,4.32,134.12,6.53,1
7262,220901411-112,1,66.83,17,54.98,-2.08,-9.37,-1.15,5.1,5.01,132.12,6.57,1
7263,220801362-512,5,64.62,12,54.16,-2.59,-7.61,-1.55,5.56,5.36,130.38,6.55,1
7264,220901161-311,3,60.16,33,51.17,-2.51,-7.84,-0.39,4.78,4.97,125,6.37,1
7265,220801091-512,5,63.86,21,51.53,-3.23,-8.94,-0.67,5.69,5.38,121.35,6.8,1
7266,220801292-511,5,62.85,44,53.23,-2.31,-8.01,-0.85,4.64,4.26,137.68,7.31,1
7267,220901021-411,4,61.48,55,50.26,-2.54,-7.28,-0.68,4.32,4.55,135.43,7.52,1
7268,220801181-512,5,60.4,36,49.1,-2.85,-7.85,-0.47,3.91,3.99,143.08,6.9,1
7269,220801442-611,6,62.03,28,51.21,-2.11,-8.78,-0.34,5.17,4.53,132.01,7,1
7270,220801151-611,6,63.08,63,53.68,-2.3,-7.88,-0.29,4.08,4.19,130.16,6.55,1
7271,220901011-311,3,62.65,52,52.57,-2.28,-7.68,-0.97,4.94,4.55,137.71,8.01,1
7272,220901101-311,3,57.9,58,47.93,-2.33,-8.08,-0.35,4.7,4.31,129.15,6.52,1
7273,220801032-612,6,83.02,17,70.53,-3.83,-9.46,-0.41,5.35,5.24,130.89,7.97,1
7274,220801202-612,6,63.38,27,53.35,-2.78,-7.49,-1.08,5.15,4.81,126.2,6.9,1
7275,220801211-511,5,63.32,25,52.1,-2.31,-7.48,-0.86,5.24,5.33,125.67,6.03,1
7276,220801192-511,5,54.49,31,44.94,-2.02,-6.9,-0.72,5.57,4.97,129.84,6.54,1
7277,220901351-211,2,53.52,57,45.29,-1.83,-6.19,-0.29,4.51,4.52,139.66,7.1,1
7278,220801341-414,4,70.14,16,58.07,-2.22,-8.26,-0.77,5.04,4.81,133.04,7.01,1
7279,220901261-211,2,61.99,65,52.5,-2.66,-5.81,-0.18,4.52,4.96,128.2,6.54,1
7280,220901061-111,1,57.66,46,48.58,-2.52,-7.85,-0.62,5.6,4.89,124.59,6.53,1
7281,220801332-612,6,63.7,24,53.32,-3.23,-8.11,-0.89,5.57,5.38,131.71,6.79,1
7282,220801051-511,5,59.16,49,48.24,-2.37,-6.93,-0.66,5.39,4.79,125.69,6.51,1
7283,220901111-211,2,57.3,53,46.92,-2.23,-7.03,-0.49,4.92,4.58,154.37,8.02,1
7284,220801071-511,5,58.48,67,49.6,-2.06,-6.91,-0.29,5.03,4.87,130.63,6.4,1
7285,220901241-221,2,62.53,17,51.57,-2.95,-7.76,-0.46,5.16,4.6,132.61,7.3,1
7287,220801302-412,4,70.76,12,56.41,-2.71,-10.03,-1.15,6.28,6.02,139.38,11.3,1
7288,220801082-521,5,63.57,19,52.55,-3.14,-8.29,-0.57,4.57,4.38,131.13,6.8,1
7289,220800991-511,5,61.55,49,50.39,-2.31,-7.15,-0.53,4.18,3.72,125.32,7.3,1
7290,220901021-312,3,59.95,32,50.25,-2.49,-7.35,-0.91,5.5,5.17,136.12,7.53,1
7291,220900971-321,3,75.23,25,63.43,-3.96,-9.41,-1.11,5.74,5.66,121.04,6.52,1
7292,220801142-611,6,58.95,32,48.89,-2.4,-6.48,-1.16,4.12,4.12,122.59,6.6,1
7293,220801401-531,5,67.81,17,55.21,-3.66,-9.56,-1.03,4.89,4.72,127.69,7.4,1
7294,220901371-113,1,58.61,33,50.27,-2.27,-8.07,-0.96,5.08,4.59,139.08,8.5,1
7295,220801181-511,5,59.16,64,49.18,-2.7,-8,-0.59,4.89,4.25,131.56,6.52,1
7296,220901421-311,3,59.82,33,49.01,-1.86,-7.47,-0.06,4.92,4.77,125,7.02,1
7297,220901101-211,2,59.05,54,47.89,-2.63,-5.09,-0.48,4.91,4.55,126.38,6.51,1
7298,220801432-511,5,67.71,38,53.13,-2.64,-9.79,0.88,4.52,4.74,133.86,6.54,1
7299,220801311-513,5,58.7,32,48.52,-3.16,-6.97,-0.67,5.7,5.32,138.03,8.7,1
7300,220801362-511,5,63.1,38,53.35,-2.44,-7.49,-0.62,5.95,5.19,129.41,6.54,1
7301,220901251-333,3,53.5,12,43.21,-2.32,-7.04,-0.91,5.84,5.5,115.35,6.63,1
7302,220801232-511,5,56.35,42,47.58,-1.92,-7.56,-0.14,4.49,4.82,130.96,7.3,1
7303,220901221-113,1,64.06,28,53.23,-4.12,-9.12,-1.5,5.47,5.09,115.24,6.28,1
7304,220801332-611,6,65.01,54,53.32,-3.25,-8.7,-0.23,4.52,4.62,141.81,7.1,1
7305,220801401-521,5,66.41,22,54.59,-3.29,-10.05,-0.63,4.85,4.57,127.24,7.1,1
7306,220901001-113,1,65.98,27,51.61,-2.05,-8.83,0,3.56,4.41,140.16,7.51,1
7307,220801281-423,4,70.59,24,56.63,-4.71,-8.73,-0.78,4.36,4.61,127.41,6.92,1
7308,220801151-511,5,66.52,55,53.78,-2.17,-7.9,-0.17,4.09,4.17,132.14,6.54,1
7309,220801411-511,5,55.65,20,54.4,-3.16,-9.89,-0.39,4.76,4.89,130.48,7.1,1
7310,220900971-312,3,75.25,26,64.07,-3.34,-9.19,-1.44,5.45,5.29,120.27,6.52,1
7311,220801142-511,5,58.12,34,49.21,-2.03,-6.25,-0.71,4.05,3.82,122.25,6.8,1
7312,220901241-213,2,60.7,22,51.7,-2.33,-7.43,-0.31,4.47,4.26,135.58,7.11,1
7313,220900981-233,2,65.54,26,52.41,-3.73,-8.33,-0.07,5.21,5.09,121.97,6.7,1
7314,220801292-411,4,66,26,53.09,-2.41,-8.27,-0.8,5.03,4.44,141.06,6.62,1
7315,220801391-513,5,69.56,12,56.78,-3.42,-9.05,-1.66,5.36,5.03,123.3,6.8,1
7316,220901021-311,3,60.29,46,50.56,-2.25,-6.91,-0.56,4.41,4.46,139.99,7.5,1
7317,220801442-511,5,61.94,24,51.31,-1.94,-8.5,-0.86,4.97,4.65,127.43,6.52,1
7318,220901351-112,1,55.27,50,45.45,-1.65,-5.94,-0.42,4.52,4.64,150.26,7.02,1
7319,220901171-412,4,69.71,62,57.3,-3.29,-9.24,-0.18,4.31,4.96,127,6.01,1
7320,220801032-511,5,81.47,17,70.65,-2.89,-9.26,-0.43,5.44,4.77,133,7.48,1
7321,220901261-113,1,56.96,61,54.02,-5.98,-6.44,-0.79,6.3,5.89,125.19,6.47,1
7322,220801121-412,4,59.47,11,48.35,-1.61,-7.97,-1.03,6.51,5.51,157.74,7.51,1
7323,220801051-411,4,57.91,41,48.42,-2.13,-6.83,-0.57,4.61,4.38,126.91,6.52,1
7324,220801091-411,4,63.42,41,51.97,-2.73,-7.83,-0.51,4.26,4.47,122.36,6.51,1
7325,220801322-411,4,61.37,39,50.6,-2.16,-7.23,-0.43,4.2,4.2,128.76,7,1
7326,220901011-211,2,60.77,66,52.7,-2.26,-7.11,-0.63,4.62,4.6,143.62,8.01,1
7327,220801082-512,5,64.6,19,52.61,-2.68,-7.66,-1.04,5.16,4,125.82,6.9,1
7328,220901161-211,2,61.12,64,51.2,-2.83,-8.1,-0.67,5.63,5.17,124.05,6.31,1
7329,220901241-212,2,59.79,22,51.59,-1.85,-7.34,-0.78,5.84,5.41,125.64,6.6,1
7330,220801382-412,4,81.92,29,68.45,-3.88,-10.72,-1.53,5.51,5.18,145.38,8.7,1
7331,220801272-521,5,62.6,30,53.53,-2.9,-8.36,0.32,4.97,4.39,123.52,7.2,1
7332,220801131-511,5,62.93,35,51.62,-3.14,-9.04,-0.27,5.24,5.23,134.01,6.56,1
7333,220801192-411,4,53.75,53,44.8,-2.18,-6.82,-0.38,4.37,4.26,133.08,6.52,1
7334,220801181-413,4,58.29,45,49.4,-3.01,-7.77,-0.75,5.76,4.97,139.21,7,1
7335,220801332-511,5,65.76,42,53.83,-2.58,-8.1,-0.36,4.27,4.15,134.09,7.01,1
7336,220801302-411,4,72.25,31,56.81,-1.76,-10.56,-0.83,4.75,4.33,147.51,10.74,1
7337,220900971-213,2,74.39,21,63.92,-3.4,-9.1,-1.15,5.47,5.28,120.76,6.52,1
7338,220801281-421,4,58.5,27,56.86,-3.12,-8.93,-0.1,4.02,3.99,144.33,6.6,1
7339,220801401-512,5,70.33,29,54.93,-2.95,-9.02,-1.2,5.54,4.99,124.66,6.5,1
7340,220801362-411,4,61.4,35,53.07,-2.52,-8.22,-0.33,5.03,4.95,133.88,6.87,1
7341,220901021-211,2,60.1,65,50.61,-2.18,-6.9,-0.63,4.57,4.6,139.15,7.51,1
7342,220901251-332,3,50.13,96,43.44,-2.64,-6.38,-0.11,3.36,3.74,132.87,7.02,1
7343,220901111-121,1,56.41,22,47.16,-2.02,-7.19,-0.82,5.35,4.63,156.97,8,1
7344,220801211-411,4,63.94,32,52.02,-2.33,-7.53,-0.71,4.5,4.27,129.28,6.03,1
7345,220801232-411,4,56.57,52,47.36,-2.09,-7.85,-0.45,5.31,4.72,126.7,7.01,1
7346,220801202-511,5,64.22,35,52.93,-2.67,-7.58,-0.23,4.85,4.25,127.28,6.8,1
7347,220801071-411,4,59.36,48,49.52,-2.15,-7.13,-0.11,3.58,3.85,131.97,6.31,1
7348,220901101-111,1,57.39,48,48.13,-2.46,-7.82,-0.58,4.75,4.24,128.03,6.52,1
7349,220801082-511,5,58.87,65,52.28,-2.51,-7.16,-0.22,5.15,4.85,133.73,6.53,1
7350,220801391-512,5,68.02,27,55.9,-3.03,-9.07,-0.53,5.35,4.87,123.93,6.8,1
7351,220800991-421,4,58.93,26,50.43,-2.22,-7.12,-0.34,5.16,4.78,135.06,6.93,1
7352,220801221-421,4,66.78,24,53.13,-4.04,-10.58,-1.86,5.52,4.73,121.3,6.24,1
7353,220801341-411,4,61.37,35,58.21,-2.22,-7.84,-0.62,4.72,4.61,142.93,7.02,1
7354,220900981-231,2,60.95,33,52.23,-3.57,-8.42,0.08,4.32,4.26,126.1,6.52,1
7355,220801432-411,4,66.43,32,52.85,-3.01,-9.92,0.77,4.69,4.78,127.41,6.54,1
7356,220901421-214,2,58.48,40,48.85,-2.34,-7.35,0.3,4.48,4.03,125.95,7.4,1
7357,220801142-411,4,58.97,66,48.66,-2.77,-7.09,-0.97,5.2,4.88,121.13,6.52,1
7358,220901241-111,1,59.06,64,51.44,-2.68,-7.15,-0.29,5.31,4.82,126.12,6.54,1
7359,220801061-421,4,59.84,11,49.79,-2.7,-7.81,-1.39,4.85,4.88,126.2,6.73,1
7360,220801332-411,4,64.43,33,53.36,-3.19,-8.12,-0.23,4.85,4.59,136.72,6.82,1
7361,220801401-412,4,68.14,21,55,-3.35,-9.76,-1.89,5.84,5,114.36,6.51,1
7362,220901251-322,3,52.04,61,43.39,-2.91,-7.37,0.23,3.99,4.05,133.38,6.51,1
7363,220801151-412,4,63.7,45,53.45,-2.49,-8.32,-0.81,5.78,5.33,126.38,6.52,1
7364,220801411-411,4,65.32,27,54.31,-3.24,-8.01,-0.75,5.25,5.03,123.67,6.43,1
7365,220801281-411,4,70.1,43,56.76,-3.13,-9.04,-1.15,4.93,4.38,129.28,6.53,1
7366,220801302-321,3,70.31,19,56.68,-1.85,-9.89,-0.83,5.07,4.83,142.07,11.03,1
7367,220801292-311,3,62.57,51,53.15,-2.39,-8.14,-0.6,4.33,3.99,142.01,7,1
7368,220901171-312,3,69.7,32,57.33,-3.21,-9.29,-0.64,4.5,4.62,127.06,6.02,1
7369,220801442-412,4,58.13,18,51.17,-1.99,-8.99,-0.94,5.58,4.82,126.4,6.51,1
7370,220801032-411,4,83.81,20,68.27,-3.34,-9.52,-0.83,5.15,4.69,131.86,7.55,1
7371,220900981-221,2,60.67,36,52.11,-3.21,-8.35,-0.16,5.19,4.71,124.53,6.8,1
7372,220801272-511,5,63.49,36,53.14,-2.75,-8.38,-0.15,5.01,5.22,122.79,7.6,1
7373,220901011-121,1,63.58,51,52.7,-2.33,-7.21,-0.76,5.29,5.1,140.35,7.99,1
7374,220801311-411,4,59.86,27,48.62,-2.53,-7.69,-1.54,5.64,5.41,132.89,7.91,1
7375,220900971-121,1,77.02,16,64.55,-3.18,-8.03,-1.57,5.62,5.29,121.09,6.34,1
7376,220801091-311,3,63.35,54,51.85,-3.38,-8.44,-0.3,4.82,4.75,122.14,6.51,1
7377,220801322-311,3,59.86,53,50.39,-2.58,-7.52,-0.49,4.98,4.65,129.86,7.09,1
7378,220901111-111,1,55.99,49,46.98,-2.19,-7.25,-0.68,5.2,4.76,161.21,8.02,1
7379,220801051-311,3,57.95,40,48.3,-2.27,-7.03,-0.45,4.32,4.25,125.49,6.53,1
7380,220801082-411,4,62.13,38,52.46,-2.43,-8.1,-0.44,3.96,4.31,134.4,6.51,1
7381,220801131-411,4,61.13,52,52.49,-2.32,-7.5,0.2,4.42,4.87,156.95,7.03,1
7382,220801221-412,4,68.6,26,52.43,-3.6,-9.69,-0.86,6.44,5.85,132.89,6.52,1
7383,220801341-312,3,67.78,25,58.21,-2.55,-8.01,-0.5,4.23,4.89,137.64,7.03,1
7384,220901161-112,1,61.77,63,51.3,-3.79,-7.57,-0.03,4.87,4.53,132.07,6.65,1
7385,220801192-311,3,52.72,49,44.86,-2.07,-6.94,-0.31,3.72,3.99,130.25,6.5,1
7386,220901021-111,1,59.53,19,50.8,-1.81,-6.84,-0.53,4.43,4.24,137.75,7.5,1
7387,220801391-411,4,67.8,49,56.39,-2.34,-9.27,-0.49,4.87,4.21,128.98,6.8,1
7388,220900981-212,2,65.92,38,52.21,-3.07,-8.09,-0.18,4.56,4.49,122.12,6.51,1
7389,220800991-411,4,59.42,32,50.39,-2.22,-7.09,-0.45,4.69,4.25,131.41,7.03,1
7390,220901251-311,3,52.68,56,44.27,-2.18,-6.58,0.16,5.73,5.14,125.88,7,1
7391,220801232-322,3,56.25,27,47.47,-1.99,-7.52,-0.18,5.37,4.9,129.34,7.01,1
7392,220801372-251,2,62.29,24,50.08,-4.02,-8.28,-1.27,6.29,5.42,135,9.1,1
7393,220801362-311,3,63.16,48,53.89,-1.63,-7.55,-0.53,4.41,4.48,152.84,7.22,1
7394,220801142-312,3,57.39,42,49.11,-2.35,-6.95,-1.03,4.89,4.62,122.68,6.8,1
7395,220801002-332,3,53.05,28,52.14,-3.63,-9.32,-1.1,4.64,3.98,136.82,7.92,1
7396,220801061-411,4,59.53,39,49.39,-1.53,-7.36,0,3.95,3.94,144.5,7.2,1
7397,220801181-313,3,58.78,40,49.61,-2.85,-8.25,-0.87,4.86,4.11,134.31,6.54,1
7398,220801211-312,3,61.72,25,52.2,-2.08,-7.56,-0.71,5.03,4.8,130.57,6.5,1
7399,220801281-311,3,67.64,70,56.71,-3.75,-9.7,-0.96,5.38,4.89,126.42,6.53,1
7400,220801261-311,3,63.44,45,52.99,-5.01,-9.78,-0.43,4.34,4.26,127.39,7.5,1
7401,220801382-312,3,77.24,29,68.31,-4.18,-10.59,-1.07,5.38,5.17,151.12,9.2,1
7402,220801121-311,3,61.49,38,47.97,-2.53,-8.24,-0.45,4.36,3.98,157.36,7.52,1
7403,220801202-411,4,63.14,76,53.14,-2.94,-7.53,-0.42,4.85,4.62,128.27,6.8,1
7404,220801332-311,3,64.94,26,53.52,-2.92,-7.91,-0.57,4.89,4.58,132.07,6.56,1
7405,220801071-311,3,59.51,51,49.71,-1.93,-6.94,-0.25,4.7,4.71,132.03,6.4,1
7406,220900971-111,1,75.09,23,64.94,-2.72,-7.67,-0.96,5.52,5.05,119.54,6.23,1
7407,220801351-312,3,53.19,50,45.24,-1.85,-6,-0.31,4.46,4.75,147.7,7.02,1
7408,220801272-411,4,63.19,43,53.34,-2.63,-8.54,-0.22,4.47,4.57,125.04,6.53,1
7409,220901251-213,2,52.84,51,43.92,-2.51,-6.84,-0.59,4.3,4.06,130.78,6.52,1
7410,220800991-311,3,52.44,47,50.01,-2.63,-7.47,-0.76,5.99,5.69,120.1,6.35,1
7411,220801242-311,3,62.95,49,50.88,-3.32,-7.83,-0.23,5.55,5.6,124.14,6.51,1
7412,220801432-311,3,66.41,42,52.93,-2.82,-9.95,0.7,5.37,4.72,126.89,6.53,1
7413,220900981-121,1,63.58,29,52.46,-3.31,-7.86,-0.33,5.26,4.86,125.09,6.8,1
7414,220801111-331,3,60.05,60,47.12,-2.53,-7.18,-0.47,4.13,4.34,155.27,8.02,1
7415,220901011-111,1,60.83,38,52.33,-1.86,-7.57,-0.89,6.09,5.17,136.37,7.87,1
7416,220801411-322,3,66.45,14,54.61,-2.9,-9.82,-1.08,5.88,5.57,120.23,6.24,1
7417,220801311-311,3,58.41,43,48.14,-2.96,-8.25,-0.98,5.58,4.68,137.19,8.41,1
7418,220901421-111,1,57.08,53,49.21,-0.49,-7.02,-0.48,6.29,5.56,123.8,7.03,1
7419,220801102-331,3,49.15,16,48.33,-2.22,-7.5,-0.8,6,5.58,126.29,6.51,1
7420,220801221-311,3,65.56,28,52.86,-3.32,-9.62,-0.86,5.67,5.15,122.42,6.53,1
7421,220801032-311,3,83.51,33,67.84,-3.63,-10.09,0.04,5.24,5.07,131.43,7.52,1
7422,220801292-211,2,65.44,48,53.15,-2.46,-8.5,-0.43,4.57,4.6,140.26,7,1
7423,220801401-311,3,67.3,40,55.43,-3.21,-8.62,-1.21,4.69,4.56,126.22,6.53,1
7424,220801372-241,2,59.18,27,49.69,-2.87,-7.84,-0.69,5.03,5.23,142.93,8.9,1
7425,220801151-311,3,65.03,39,54.04,-1.89,-7.59,-0.49,4.78,4.2,133.06,6.54,1
7426,220801002-323,3,54.21,21,51.74,-2.69,-8.33,-0.53,5.03,5.34,139.47,8.7,1
7427,220901171-211,2,69.23,52,58,-2.85,-8.73,0.22,4.55,4.44,129.43,6.03,1
7428,220900981-112,1,61.67,23,52.72,-2.56,-7.52,-0.27,4.44,4.56,123.58,6.54,1
7429,220801061-311,3,61.26,29,48.91,-2.29,-8.34,0.26,5.2,5.12,129.69,6.5,1
7430,220801442-311,3,61.62,61,50.67,-3.24,-9.59,0.04,5.16,5.02,128.33,6.8,1
7431,220801261-213,2,64.28,48,53.08,-2.51,-9.3,-0.38,4.61,4.46,131.08,6.6,1
7432,220801232-311,3,56.84,54,47.35,-2.6,-7.85,0.02,4.85,4.54,124.59,7.04,1
7433,220801131-311,3,62.99,36,52.32,-2.42,-7.82,-0.92,4.82,4.65,134.24,6.55,1
7434,220801322-211,2,61.07,56,50.42,-2.48,-7.71,-0.14,5.07,4.82,131.34,7.1,1
7435,220801091-211,2,62.43,36,52.07,-3.09,-8.3,-0.34,4.48,4.27,122.92,6.53,1
7436,220801082-311,3,63.59,29,52.53,-2.44,-8.11,-0.27,4.98,4.77,129.28,6.53,1
7437,220801051-211,2,58.22,41,48.4,-2.15,-6.8,-0.41,4.47,4.34,127.39,6.54,1
7438,220801192-211,2,53.75,53,45.23,-1.77,-6.52,-0.5,4.47,4.57,130.52,6.51,1
7439,220801272-311,3,64.54,64,53.47,-2.78,-8.95,-0.44,5.19,4.92,122.14,6.74,1
7440,220801332-231,2,67.07,18,53.75,-3.6,-7.89,-1.24,6.06,5.43,126.18,5.54,1
7441,220901251-111,1,51.95,48,44.19,-0.83,-6.34,0.06,5.52,5.61,122.74,6.53,1
7442,220801391-311,3,68.73,35,56.67,-2.14,-8.75,-0.58,4.41,4.44,131.08,6.62,1
7443,220800991-215,2,58.37,29,50.27,-2.48,-6.88,-0.58,6.12,5.13,128.63,6.44,1
7444,220801341-211,2,68.43,48,58.22,-2.78,-8.75,-0.76,5.42,5.06,131.92,6.61,1
7445,220801302-222,2,68.48,24,57.04,-3,-9.76,-0.97,6.01,5.04,135.68,10.52,1
7446,220801362-212,2,62.38,53,52.92,-2.67,-8.27,-0.18,4.93,4.98,162.26,7.32,1
7447,220801121-212,2,57.31,51,47.99,-2.93,-8.55,-0.59,5.42,4.87,155.79,7.53,1
7448,220801281-212,2,68.84,46,56.59,-3.88,-8.31,-0.92,4.87,4.27,127,6.71,1
7449,220801021-212,2,63.85,31,50.1,-2.44,-7.36,-1.26,5.76,5.11,139.58,7.8,1
7450,220801372-231,2,59.63,33,50.18,-2.52,-7.15,-0.87,4.98,4.87,138.95,8.52,1
7451,220801202-311,3,64.08,49,53.24,-2.86,-7.38,-0.31,4.71,4.24,127.39,6.5,1
7452,220801211-211,2,61.77,37,52.08,-2.31,-7.52,-0.3,4.64,4.75,134.01,6.02,1
7453,220801232-211,2,58.69,65,47.28,-2.67,-7.54,-0.32,4.95,5.22,123.09,7.02,1
7454,220801011-221,2,62.11,25,51.94,-2.63,-7.89,-0.65,4.58,4.69,142.57,9.4,1
7455,220801411-311,3,67.19,22,54.66,-2.4,-10.33,0.17,4.6,4.33,137.38,6.96,1
7456,220801071-211,2,60.21,54,49.6,-2.13,-7.1,-0.5,5.03,5.06,132.05,6.01,1
7457,220801002-312,3,61.35,20,51.31,-2.18,-7.84,-0.07,4.97,4.84,136.4,7.52,1
7458,220801042-211,2,67.87,50,56.19,-3.52,-9.33,-0.98,5.48,5.28,137.92,8.54,1
7459,220801102-321,3,54.87,34,48.36,-2.12,-7.54,-0.71,4.54,4.3,129.56,6.54,1
7460,220801111-321,3,58.7,36,46.82,-2.27,-7.37,-0.42,5.11,4.64,150.82,8.5,1
7461,220801162-131,1,65.18,16,51.09,-3.1,-8.3,-1.44,5.55,5.41,123.67,6.6,1
7462,220801181-212,2,57.99,53,49.44,-3.04,-6.78,-0.35,5.43,4.8,146.74,6.53,1
7463,220801332-221,2,63.76,58,53.61,-4.52,-8.99,-0.39,5.38,4.52,142.24,7.02,1
7464,220801421-221,2,59.23,14,49.94,-2.24,-7.35,-0.27,4.92,4.68,133.49,7.3,1
7465,220801382-212,2,84,28,67.52,-4.36,-10.97,-1.42,5.63,5.69,149.94,8.9,1
7466,220801432-211,2,65.02,37,53.19,-2.63,-9.37,0.7,5.15,4.03,126.5,6.51,1
7467,220801242-211,2,61.75,32,51.43,-2.71,-7.36,-0.47,5.17,5,125.13,6.51,1
7468,220801311-211,2,57.52,45,48.29,-2.85,-7,-1.02,5.23,4.64,137.56,8.7,1
7469,220801032-211,2,81.42,28,68.42,-2.92,-9.77,-0.46,5.1,5.09,133,7.51,1
7470,220801351-221,2,54.69,25,45.41,-1.67,-5.72,-0.07,4.42,4.83,196.62,7.02,1
7471,220801111-311,3,57.02,58,47.06,-1.75,-7.48,-0.38,4.75,4.42,147.66,8.02,1
7472,220801061-211,2,58.65,85,48.86,-2.39,-8.07,-0.6,5.38,4.73,127.99,6.53,1
7473,220801411-211,2,67.3,58,54.87,-2.91,-10.91,-1.06,5.73,5.04,129.54,6.43,1
7474,220901171-112,1,70.77,20,57.89,-2.9,-8.75,-0.41,5.24,4.64,127.11,6.54,1
7475,220801102-311,3,57.75,47,48.16,-2.4,-7.91,-1,4.56,4.29,127.58,6.5,1
7476,220801292-113,1,62.67,28,53.31,-2.8,-7.99,-0.79,4.67,4.55,130.29,6.7,1
7477,220801332-212,2,64.37,43,53.36,-4.73,-9.09,-0.39,5.19,4.78,135.04,7,1
7478,220800982-211,2,61.48,18,53.2,-2.55,-6.72,-0.47,4.12,4.02,128.98,6.51,1
7479,220801401-211,2,66.7,53,55.52,-3.37,-9.61,-1.13,5.77,4.63,126.33,6.52,1
7480,220801151-211,2,62.32,49,53.94,-2.07,-7.72,-0.47,4.79,4.65,130.27,6.5,1
7481,220801372-211,2,58.03,34,49.93,-2.25,-7.1,-1.05,5.38,4.97,135.77,8.73,1
7482,220801082-211,2,66.23,42,52.28,-2.73,-8.22,-0.34,5.14,5.01,127.64,6.51,1
7483,220801442-211,2,62.51,51,51.55,-2.48,-8.5,-0.67,5.09,4.25,129.32,6.8,1
7484,220801302-212,2,68.88,47,57.08,-2.81,-8.48,-0.52,4.93,4.56,146.65,10.06,1
7485,220801322-111,1,60.07,44,50.72,-2.24,-7.62,-0.28,5.08,4.53,144.69,7.02,1
7486,220801131-211,2,64.18,31,51.86,-2.91,-8.06,-0.37,5.43,5.57,132.87,6.63,1
7487,220801091-112,1,66.39,19,52.27,-2.92,-8.08,-1.11,6.1,5.57,122.64,6.51,1
7488,220801011-212,2,60.47,52,51.54,-2.62,-7.48,-0.13,5.52,5.22,142.37,8,1
7489,220801162-122,1,60.89,20,50.56,-2.65,-7.52,-0.89,6.01,5.46,135.84,6.82,1
7490,220801272-211,2,63.45,44,53.76,-2.52,-8.83,-0.09,5.08,4.5,121.9,6.91,1
7491,220801261-111,1,63.45,50,53.26,-2.69,-8.22,-0.75,4.79,3.95,129.95,6.5,1
7492,220801002-211,2,60.89,70,51.73,-2.58,-7.8,-0.26,4.14,3.84,142.29,7.5,1
7493,220801051-112,1,56.79,26,48.62,-1.65,-6.64,-1.13,5.35,4.72,124.14,6.84,1
7494,220801192-111,1,53.42,59,45.18,-1.86,-6.49,-0.09,4.59,4.16,133.51,6.53,1
7495,220801391-211,2,67.33,85,56.82,-2.55,-8.73,-0.46,3.46,3.97,133.04,6.52,1
7496,220801341-113,1,68.97,36,58.17,-3.28,-8.91,-0.71,5.62,5.46,136.57,6.92,1
7497,220801421-211,2,57.03,105,49.42,-1.43,-6.99,0.18,4.06,4.42,137.77,7.05,1
7498,220800971-111,1,77.34,22,63.75,-3.03,-8.43,-1.03,6.9,5.9,121.37,6.54,1
7499,220801111-211,2,55.75,68,47.07,-2.08,-6.96,-0.65,5.46,4.57,144.16,8.04,1
7500,220801211-111,1,61.87,34,52.13,-2.19,-7.6,-0.6,5.33,5.1,129.11,6.03,1
7501,220801372-121,1,58.2,38,49.74,-2.48,-6.32,-1.03,5.83,5.49,133.45,8.53,1
7502,220801121-111,1,59.91,81,48.67,-2.82,-7.9,-0.61,5.38,4.57,153.85,7.51,1
7503,220801142-111,1,60.07,68,49.11,-2.73,-7.08,-0.93,5.66,4.87,121.95,6.51,1
7504,220801102-231,2,57.79,46,48.78,-2.95,-7.03,-0.34,4.38,3.84,134.35,6.53,1
7505,220801202-211,2,65.56,42,53.24,-2.84,-7.56,-0.44,5.3,4.45,127.77,6.54,1
7506,220801232-112,1,57.68,28,47.14,-2.84,-7.99,-0.22,5.16,4.86,124.87,7.04,1
7507,220801362-111,1,63.31,39,53.5,-2.11,-7.81,0.28,4.41,4.28,178.47,7.04,1
7508,220801332-121,1,67.22,31,53.84,-4.33,-8.82,-0.49,5.13,5.59,131.9,6.5,1
7509,220801281-112,1,72.78,31,57.32,-3.17,-10.18,-1.19,5.03,4.96,127.17,6.52,1
7510,220801351-211,2,54.66,37,45.42,-1.62,-5.83,-0.19,4.48,4.29,143.77,7.01,1
7511,220801252-111,1,54.93,49,43.26,-2.54,-8.62,-0.25,4.74,4.63,127.45,6.52,1
7512,220800991-113,1,58.87,36,47.75,-2.66,-8.01,-14.8,5.26,5.38,134.35,6.59,1
7513,220801162-111,1,59.57,49,50.28,-2.26,-7.4,-0.23,5.39,4.8,131.62,6.57,1
7514,220801071-111,1,61.18,59,49.55,-2.09,-7.19,-0.42,5.39,4.78,129.75,6.03,1
7515,220801311-111,1,60.31,37,48.19,-2.96,-7.18,-1.24,6.01,5.16,136.18,8.14,1
7516,220801432-122,1,54.33,19,53.22,-2.59,-9.45,0.6,5.18,5.08,127.94,6.53,1
7517,220801242-111,1,61.33,70,51.39,-2.78,-7.84,-0.52,5.14,4.85,124.25,6.54,1
7518,220801181-112,1,59.61,26,49.79,-2.58,-8.14,-0.8,5.42,4.23,124.01,6.54,1
7519,220801221-111,1,65.09,46,52.85,-3.32,-9.43,-0.25,5.24,4.84,122.49,6.53,1
7520,220801302-113,1,70.35,37,57.4,-3.07,-9,-0.77,4.96,4.71,151.04,10.5,1
7521,220801042-111,1,67.44,41,56.78,-2.9,-8.55,-0.96,5.41,4.64,140.09,8.51,1
7522,220801032-111,1,80.66,49,68.2,-3.37,-9.32,-0.42,5.29,5.13,132.96,7.53,1
7523,220801021-111,1,60.29,59,50.05,-2.53,-7.42,-0.37,5.73,5.36,139.25,7.53,1
7524,220801102-222,2,60.12,22,48.6,-2.31,-7.2,-0.66,4.82,4.62,129.3,6.52,1
7525,220801372-111,1,61.56,45,49.95,-2.86,-8.04,-0.82,5.5,5.24,133.21,8.55,1
7526,220801011-112,1,63.75,37,52.28,-2.35,-7.19,-0.69,5.92,4.73,145.85,8.03,1
7527,220801411-111,1,69.12,48,54.89,-3.08,-10.67,-0.51,5.19,4.96,128.83,6.7,1
7528,220801332-112,1,65.97,41,54.16,-3.93,-8.14,-1.02,5.46,5.35,137.86,6.35,1
7529,220801421-111,1,58.29,95,48.94,-2.19,-7.59,0.35,5.08,5.14,123.56,7.02,1
7530,220801382-111,1,79.56,28,68.65,-4.65,-9.48,-1.79,6.34,5.87,141.4,8.52,1
7531,220801061-111,1,58.45,74,49.14,-2.67,-7.92,-0.39,5,4.06,126.59,6.53,1
7532,220801401-111,1,66,25,56.57,-2.23,-8.31,-0.94,4.55,4.2,128.31,6.52,1
7533,220801272-113,1,64.92,27,53.8,-2.5,-8.62,-0.33,4.91,4.44,121.75,6.53,1
7534,220801002-111,1,62.02,65,51.93,-1.9,-7.91,0.15,5.09,4.02,136.35,7.54,1
7535,220801351-111,1,52.86,56,45.34,-1.73,-5.93,-0.2,5.01,4.72,148.28,7.02,1
7536,220801151-111,1,62.03,49,53.83,-2.16,-7.96,-0.3,4.37,4,129.58,6.53,1
7537,220801171-002,0,69.85,17,59.26,-3.14,-9,-0.81,5.25,4.76,128.74,6.53,1
7538,220801131-111,1,63.51,62,51.93,-3.51,-8.87,-0.49,4.46,4.35,140.59,7.11,1
7539,220801082-111,1,66.58,44,52.15,-2.81,-8.3,-0.07,5.03,4.66,134.14,6.52,1
7540,220800982-111,1,62.72,27,52.73,-2.98,-7.36,-0.68,4.95,4.97,122.27,6.51,1
7541,220801442-111,1,64.47,30,51.74,-2.23,-8.53,-0.35,4.18,4.64,127.39,6.52,1
7542,220801391-111,1,67.71,75,56.78,-3.17,-9.33,-0.83,4.74,4.34,130.25,6.52,1
7544,220800971-002,0,74.34,24,63.12,-3.82,-9.06,-1.15,6.76,5.68,121.39,6.2,1
7545,220801102-211,2,58.74,27,48.11,-1.88,-7.29,-0.58,5.19,5.11,126.68,6.53,1
7546,220800991-002,0,57.72,38,48,-2.48,-8.15,-0.45,5.59,4.94,130.61,6.49,1
7547,220801091-002,0,62.61,26,52.51,-2.73,-8.21,-0.12,5.45,4.91,124.18,6.51,1
7548,220801111-111,1,55.5,65,46.78,-2.34,-7.3,-0.45,4.78,4.85,145.19,8,1
7552,220801202-121,1,63.35,49,53.08,-2.95,-8.02,-0.42,5.74,5.19,123.54,6.53,1
7553,220801432-112,1,64.77,39,53.8,-2.11,-9.07,0.64,5.11,4.85,126.7,6.51,1
7554,220801102-111,1,59.63,39,48.19,-1.74,-7.28,-0.42,5.61,4.78,127.47,6.53,1
7556,220801071-002,0,58.71,29,49.66,-1.94,-7.56,-0.25,4.69,4.02,131.32,6.01,1
7558,220801202-111,1,62.68,56,54.03,-2.07,-6.76,-0.43,4.67,4.15,130.03,6.73,1
7714,220901232-112,1,55.72,25,47.75,-1.93,-6.65,-1.04,6.34,5.41,125.58,6.77,0
7715,220900991-611,6,58.74,40,49.41,-2.58,-6.96,-0.23,5.23,5.13,120.96,6.75,0
7716,220901202-111,1,62.29,33,52.25,-2.69,-8.13,-0.22,4.99,4.54,129.51,6.91,0
7717,220901032-111,1,80.92,30,69.99,-3.82,-10.93,0.39,4.77,4.08,136.89,7.51,0
7718,220901291-511,5,60.76,51,52.3,-2.35,-7.13,-0.68,4.3,3.98,122.79,7,0
7719,220901151-813,8,63.48,27,53.14,-2.43,-8.44,-0.5,5.03,4.77,97.65,4.71,0
7720,220901301-511,5,67.85,53,56.16,-3.04,-10.11,-0.62,5.12,4.43,143.51,10.75,0
7721,220901321-611,6,58.01,44,49.66,-2.53,-6.77,-0.47,4.98,4.64,137.71,7.01,0
7722,220901122-211,2,59.68,56,48.4,-3.31,-7.68,-0.41,3.77,3.81,154.84,7.53,0
7723,220901262-512,5,64.2,28,52.12,-3.47,-8.53,-0.64,5.13,4.88,121.17,6.52,0
7724,220901412-211,2,63.93,27,54.52,-2.15,-6.61,-0.02,5.17,4.69,127.43,6.94,0
7725,220901232-111,1,56.13,40,47.18,-2.44,-7.09,-0.39,5.29,4.85,117.86,19.8,0
7726,220901082-512,5,60.87,40,51.61,-3.07,-9.09,-0.53,5.37,4.85,121.09,6.77,0
7727,220901002-314,3,61.45,46,50.75,-3,-9.59,0.33,4.73,4.85,140.05,7.52,0
7728,220901091-812,8,60.05,32,51.04,-3.8,-8.13,-0.45,5.43,5.46,126.96,6.79,0
7729,220901431-712,7,61.73,79,52.02,-3.49,-9.71,0.48,5.4,4.78,128.48,6.53,0
7730,220901372-111,1,58.83,39,49.4,-2.59,-8.03,-0.43,5.54,5.23,138.22,8.52,0
7731,220900983-111,1,63.66,24,52.37,-2.02,-6.99,-0.58,5.39,4.61,122.08,6.82,0
7732,220901262-511,5,62.87,33,53.14,-2.24,-7.6,-0.74,4.67,4.12,103.2,5.41,0
7733,220901082-511,5,63.31,41,51.78,-2.89,-9.12,-0.34,5.1,4.62,85.48,3.19,0
7734,220901282-112,1,66.76,31,55.79,-2.94,-8.63,-1,6.54,5.32,118.92,6.5,0
7735,220901431-711,7,67.65,86,52.33,-3.17,-9.4,1.17,4.34,4.25,118.98,6.54,0
7736,220901212-112,1,58.44,33,51.73,-2.47,-7.41,-0.89,5.26,4.83,122.23,6.7,0
7737,220901162-411,4,62.6,62,49.15,-3.92,-9.74,-0.33,5.41,4.72,120.66,6.75,0
7738,220901002-312,3,62.26,22,51.39,-2.39,-8.95,-1.15,5.75,4.88,117.88,7.07,0
7739,220901151-811,8,65.91,36,53.21,-2.37,-8.16,-0.21,4.93,4.14,125.21,6.52,0
7740,220901071-712,7,57.01,28,49,-1.99,-6.4,-0.47,5.24,5.25,127.19,6.9,0
7741,220901132-511,5,63.8,66,51.64,-3.34,-7.81,-0.62,4.67,4.59,128.4,6.89,0
7742,220901002-311,3,62.75,40,51.44,-2.15,-8.65,-0.54,5.12,4.76,124.76,0.3,0
7743,220901112-611,6,55.64,29,46.84,-1.86,-7.08,-0.53,4.99,4.86,138.29,7.53,0
7744,220901212-111,1,64.32,23,51.96,-2,-7.66,-0.81,5.04,4.84,124.29,6.77,0
7745,220901353-311,3,52.1,43,45.18,-1.5,-5.13,-0.81,5.55,5.09,122.96,6.67,0
7746,220901012-611,6,71.73,28,61.01,-1.97,-8.73,-0.66,4.57,4.36,143.71,8.01,0
7747,220901282-111,1,65.82,56,56.66,-2.12,-6.98,-0.99,5.96,5.26,118.18,6.47,0
7748,220901071-711,7,57.34,43,48.6,-2.07,-7.21,-0.41,5.91,5.24,123.86,4.92,0
7749,220901422-312,3,57.04,40,49.17,-1.93,-6.29,-0.28,4.97,5.06,129.36,7.3,0
7750,220901222-113,1,63.88,26,53.14,-3.8,-7.93,-0.59,5.24,5.1,137,6.52,0
7751,220901172-613,6,70.17,28,57.58,-2.67,-8.93,0.17,4.25,4.19,122.7,3.01,0
7752,220901103-711,7,56.78,52,47.99,-1.57,-6.44,0.01,4.41,4.13,136.37,6.5,0
7753,220901253-612,6,55.43,34,43.01,-2.06,-8.58,-0.53,5.26,4.44,125.06,6.7,0
7754,220901022-711,7,60.4,48,50.13,-1.85,-7.48,-0.61,3.94,3.73,140.39,7.53,0
7755,220901172-612,6,67.62,29,57.52,-2.58,-8.8,0.05,4.49,4.74,136.22,6.05,0
7756,220901051-712,7,56.74,33,47.96,-2.27,-7.25,-0.54,5.36,5.09,130.25,6.52,0
7757,220901272-112,1,62.3,26,52.57,-2.46,-8.85,0.2,5.66,5.39,122.59,6.54,0
7758,220901422-311,3,56.13,42,49.39,-1.7,-6,0,4.45,4.25,127.73,7.2,0
7759,220901222-112,1,63.43,17,52.9,-2.65,-7.57,-0.42,5.47,5.49,134.78,6.55,0
7760,220901062-211,2,58,37,48.37,-2.02,-7.2,-0.01,4.4,4.3,127.51,6.54,0
7761,220901381-414,4,84.66,21,69.34,-3.62,-10.98,-1.8,4.75,4.1,151.25,10,0
7762,220901401-811,8,65.8,56,54.79,-1.93,-8.07,-0.51,4.16,3.91,131.69,6.9,0
7763,220901051-711,7,59.2,36,48.08,-2.11,-6.86,-0.74,4.55,4.49,122.27,6.53,0
7764,220901222-111,1,63.22,42,52.96,-3.07,-7.81,0.57,3.63,3.9,124.91,6.71,0
7765,220901272-111,1,63.56,69,52.89,-2.8,-8.97,0.55,4.98,5.08,120.89,6.5,0
7766,220901301-413,4,66.72,40,55.96,-3,-9.91,0.1,4.87,4.4,146.52,10.77,0
7767,220901301-412,4,67.57,55,55.71,-3.27,-9.95,-0.17,5.03,4.53,140.7,10.75,0
7768,220901301-411,4,69.05,41,56.37,-2.62,-9.56,-0.31,4.48,4.17,145.79,10.74,0
7769,220901042-111,1,69.04,37,56.53,-3.29,-8.8,-1.38,5.76,4.92,133.13,8.55,0
7770,220901412-111,1,65.81,63,54.6,-0.6,-8.98,-0.64,6.45,5.58,125.52,6.78,0
7771,220901392-113,1,67.91,27,56.53,-3.16,-8.4,-1.07,5.15,4.34,121.95,6.54,0
7772,220901112-511,5,57.03,55,46.85,-2.18,-7.72,-0.43,4.35,4.22,124.57,7.5,0
7773,220901132-411,4,62.11,55,52.17,-2.84,-7.32,-0.72,4.35,4.14,129.73,4.74,0
7774,220900972-612,6,73.49,29,63.75,-3.35,-8.32,-0.75,4.38,4.53,129.11,6.6,0
7775,220901022-611,6,59.34,55,50.22,-2.29,-7.23,-0.83,4.92,4.09,137.43,7.53,0
7776,220901392-112,1,72.54,24,55.81,-2.68,-9.54,-0.37,5.62,5.07,126.48,6.52,0
7777,220901381-411,4,84.01,29,69.24,-3.11,-10.93,-1.21,4.71,4.47,147.45,8.6,0
7778,220901392-111,1,65.32,34,56.59,-2.75,-7.62,0,3.97,4.12,133.9,8.2,0
7779,220900982-714,7,61.38,28,51.97,-3.49,-8.45,-0.04,4.14,4.22,124.25,7.03,0
7780,220901082-311,3,63.51,47,52.34,-2.7,-9.05,-0.77,5.69,4.86,128.74,6.51,0
7781,220901242-612,6,58.76,29,51.16,-1.58,-6.37,-0.5,4.29,4.45,126.96,6.84,0
7782,220901181-611,6,58.87,56,49.23,-1.6,-7.33,-0.38,5.03,4.44,57.73,2.59,0
7783,220901242-611,6,61.42,80,51.09,-2.19,-5.84,-0.6,4.55,4.22,89.01,3.72,0
7784,220901082-211,2,64.27,46,52.77,-3.24,-9.75,-0.86,4.59,3.71,128.91,16.54,0
7785,220901311-711,7,58.28,37,48.49,-2.67,-7.75,-0.56,4.76,4.44,125.26,25.8,0
7786,220901262-311,3,64.65,67,53.42,-3.41,-8,-0.53,4.78,4.76,124.14,6.52,0
7787,220900982-711,7,66.9,25,52.18,-2.23,-7.64,-0.05,4.48,4.29,130.85,7,0
7788,220901331-611,6,62.29,36,53.38,-2.35,-8.3,-0.06,3.02,3.66,112.85,6.94,0
7789,220901301-311,3,67.18,65,56.94,-2.93,-9.62,-0.42,5.52,4.94,145.9,10.76,0
7790,220901253-411,4,53.17,34,44.49,-1.92,-7.47,-0.43,4.53,4.19,128.42,6.52,0
7791,220901411-712,7,64.63,13,55.04,-2.12,-8.54,-1.77,5.94,5.12,128.14,6.86,0
7792,220901031-511,5,82.89,37,70.32,-3.49,-10.08,0.02,4.48,4.43,124.23,7.52,0
7793,220901422-111,1,56.24,65,49.03,-2.13,-6.46,-0.14,5.24,5.1,105.18,6.05,0
7794,220900972-511,5,75,32,63.9,-2.67,-8.43,-0.48,3.38,4.02,121.47,6.8,0
7795,220901271-612,6,64.5,25,52.66,-2.5,-8.82,-0.21,5.42,4.94,100.81,4.74,0
7796,220901371-712,7,58.74,45,49.95,-2.13,-7.03,-0.55,4.51,4.51,150.61,8.51,0
7797,220901162-112,1,61.24,42,51.6,-3.51,-8.01,-0.91,6,5.04,118.98,18.2,0
7798,220901141-511,5,56.79,62,48.31,-2.69,-6.35,-1.06,5.29,4.87,88.39,3.22,0
7799,220901391-615,6,67.87,14,55.39,-3.06,-9.49,-1.55,5.83,5.6,120.68,9.6,0
7800,220901231-513,5,57.08,17,47.11,-1.92,-7.63,-0.11,5.32,4.74,107.03,5.54,0
7802,220901231-512,5,58.87,39,47.17,-1.89,-8.81,-0.31,5.35,5.12,107.89,3.07,0
7803,220901371-711,7,61.4,61,49.87,-2.64,-8.05,-0.29,5.29,4.99,152.86,8.8,0
7804,220901291-213,2,66.62,22,53.05,-2.62,-9.54,-0.77,5.36,4.78,125.09,6.76,0
7805,220901291-212,2,62.91,33,53.1,-2.52,-7.94,-0.91,5.99,4.99,119.84,8,0
7806,220901262-211,2,65.29,41,54.26,-2.66,-7.22,-0.39,5.59,5.16,129.06,6.55,0
7807,220901431-411,4,65.52,41,52.5,-2.98,-8.93,0.61,4.62,4.71,128.59,6.52,0
7808,220901022-411,4,59.73,56,50.44,-2.62,-6.55,-0.72,4.24,3.78,136.14,11.72,0
7809,220901391-612,6,67.58,15,55.29,-2.29,-8.78,-0.8,5.59,5.29,31.86,1.98,0
7810,220901211-512,5,63.17,24,51.47,-2.38,-8.09,-0.9,5.6,5.02,117.15,6.55,0
7811,220901211-511,5,61.97,31,51.9,-1.96,-7.53,-0.23,4.55,4.15,139.19,7.05,0
7812,220900972-412,4,74.09,17,63.88,-2.57,-8.16,-1.27,5.03,4.85,120.98,6.52,0
7813,220901071-311,3,54.09,43,49.69,-1.99,-10.39,-0.63,4.34,4.03,128.8,9.03,0
7814,220900972-411,4,75.83,74,63.9,-2.61,-8.75,-0.1,4.21,10.47,122.59,6.9,0
7815,220901442-311,3,61.74,52,50.33,-3.41,-9.48,-0.49,4.92,4.54,123.47,6.75,0
7816,220901141-411,4,58.17,48,48.48,-2.78,-7.13,-0.65,4.55,4.33,116.31,5.29,0
7817,220901242-413,4,64.34,42,51.08,-2.16,-7.62,-0.59,4.98,4.95,128.85,6.02,0
7818,220900991-212,2,58.76,37,50.41,-2.81,-7.11,-0.63,4.5,4.15,122.16,6.84,0
7819,220901281-511,5,64.3,41,56.74,-3.07,-7.49,-0.89,4.78,4.24,127.67,6.73,0
7820,220901181-411,4,58.52,57,49.18,-2.05,-7.06,0.07,4.46,4.17,129.64,11.9,0
7821,220901242-411,4,59.98,61,51.25,-1.98,-7.22,-0.53,4.36,4.31,128.76,6.52,0
7822,220901172-211,2,68,32,57.59,-2.6,-8.86,-0.47,5.35,4.75,130.7,6,0
7823,220900991-211,2,59.71,49,50.58,-2.71,-6.73,-0.54,3.81,3.91,120.94,11.83,0
7824,220901262-113,1,62.1,39,54.83,-3.03,-6.24,-0.35,4.37,3.61,102.47,5.96,0
7825,220901061-611,6,59.33,67,48.14,-2.23,-7.51,-0.15,5.44,4.68,122.03,6.51,0
7826,220901431-311,3,64.65,26,53.05,-2.4,-8.3,0.73,5.3,3.81,128.18,10.89,0
7827,220901262-112,1,65.19,54,56.19,-1.6,-5.72,-0.73,3.98,3.58,131.45,6.52,0
7828,220901201-411,4,62.86,59,53.49,-1.85,-7.68,-0.23,4.44,4.34,135.92,7,0
7829,220901291-111,1,61.26,56,53.33,-1.88,-6.93,-0.76,5.19,5.26,124.76,8.1,0
7830,220901031-313,3,81.5,20,70.88,-2.96,-9.18,-1.28,6.1,5.16,132.05,7.52,0
7831,220901253-212,2,51.31,67,43.26,-2.89,-6.87,0.02,4.77,4.73,128.44,7.03,0
7832,220901001-611,6,64.11,50,50.12,-3.16,-9.56,-0.03,5.03,4.77,136.98,7.5,0
7833,220900972-311,3,71.77,46,64.25,-2.34,-8.35,-0.82,5.14,4.28,121.86,6.52,0
7834,220901253-211,2,50.31,57,44.28,-2.24,-6.03,0.1,4.67,4.59,48.87,-20.3,0
7835,220901031-311,3,81.36,73,70.63,-3.63,-10.26,-0.35,4.98,4.58,130.01,7.53,0
7836,220901191-211,2,54.42,76,44.62,-1.97,-7.03,0.15,4.15,4.12,113.05,6.52,0
7837,220901381-111,1,82.9,29,68.92,-3.04,-10.24,-1.28,6.13,5.55,140.26,8.5,0
7838,220901081-412,4,60.95,45,52.32,-2.22,-8.5,-0.09,4.34,4.14,108.1,6.53,0
7839,220901091-311,3,62.97,22,52.05,-2.79,-8.08,-0.29,4.29,4.12,133.19,6.52,0
7840,220901141-311,3,58.87,43,48.41,-2.93,-7.34,-1.4,5.29,4.88,122.1,6.38,0
7841,220901271-411,4,63.34,41,52.54,-2.9,-9.56,0.14,4.14,4.41,122.7,6.53,0
7842,220901231-311,3,57.05,26,47.28,-2.01,-7.22,-0.05,4.29,4.45,129.09,7.03,0
7843,220901242-313,3,60.95,27,51.17,-2.01,-7.26,-0.28,4.57,4.62,128.8,6.53,0
7844,220901022-211,2,61.74,64,50.41,-2.62,-7.01,-0.57,4.59,4.59,116.53,7.11,0
7845,220900982-411,4,67.01,34,52.04,-2.68,-7.8,-0.4,5.75,5.13,99.85,5.62,0
7846,220901242-312,3,60.29,29,51.11,-2.09,-7.25,-0.56,5.15,4.62,125.45,6.5,0
7847,220900991-111,1,61.39,28,50.34,-2.03,-7.37,-0.7,4.79,4.84,116.87,6.39,0
7848,220901411-411,4,65.23,45,54.17,-2.71,-9.39,-0.72,4.54,4.88,106.53,2.82,0
7849,220901242-311,3,58.93,81,51.39,-2.16,-7.5,-0.44,4.34,4.3,121.02,6.52,0
7850,220901121-412,4,57.63,33,47.78,-2.7,-8.15,-0.57,5.42,5.27,155.44,7.53,0
7851,220901011-613,6,62.98,18,52.43,-3.51,-7.81,-1.21,5.6,4.83,109.56,6.28,0
7852,220901201-311,3,62.07,66,53.4,-2.06,-7.71,-0.64,4.63,4.62,130.87,6.53,0
7853,220901151-211,2,63.05,42,53.63,-2.48,-7.91,-0.6,4.09,3.8,118.83,4.97,0
7854,220901351-612,6,53.43,36,45.31,-1.77,-6.06,-0.62,4.83,4.64,134.09,7.01,0
7855,220901031-212,2,82.12,30,70.74,-3.98,-10.18,0.08,4.54,4.63,131.88,7.52,0
7856,220901181-211,2,60.14,53,49.52,-2.45,-6.79,-0.33,4.67,4.26,131.77,6.5,0
7857,220901351-611,6,54.05,48,45.12,-1.92,-6.37,-0.61,4.85,4.43,109.54,5.69,0
7858,220901221-411,4,64.72,72,52.48,-4.23,-9.08,0.31,3.87,4.3,122.01,6.5,0
7859,220901191-113,1,56.4,36,44.81,-2.46,-7.56,-0.4,5.12,4.46,132.63,6.51,0
7860,220901031-211,2,83.98,43,70.91,-3.82,-10.12,-0.18,4.95,4.64,130.27,8,0
7861,220901191-112,1,53.84,50,44.5,-2.76,-7.46,-0.75,5.44,4.85,127.54,13.5,0
7862,220901022-111,1,58.33,83,50.54,-2.53,-7.18,-0.1,3.49,3.97,142.95,7.54,0
7863,220901091-212,2,61.1,22,51.69,-3.11,-6.78,-0.76,5.22,4.59,121.95,6.52,0
7864,220901191-111,1,54.29,77,44.8,-2.81,-6.59,-0.3,5.42,4.58,131.36,12.5,0
7865,220901091-211,2,60.98,50,52.36,-2.85,-8.11,-0.48,4.7,3.69,120.87,11.5,0
7866,220901271-311,3,64.86,35,52.72,-2.68,-9.44,0,4.74,4.16,125.54,6.51,0
7867,220801302-613,6,64.7,38,56.14,-3.4,-11.09,0.38,4.41,4.13,125.62,10.44,0
7868,220901131-214,2,61.97,20,52.42,-2.88,-7.73,-1.42,6.17,5.5,1.48,0.57,0
7869,220901231-211,2,55.41,71,47.08,-2.87,-8.1,-0.06,4.56,4.37,122.27,6.87,0
7870,220901131-213,2,60.52,20,51.39,-3.46,-8.35,-0.98,6.28,5.5,104.43,4.57,0
7871,220901151-113,1,62.13,32,53.69,-3.01,-8.13,-1.22,5,4.7,125.84,6.51,0
7872,220901341-212,2,68.67,20,57.94,-2.3,-8.31,-0.56,4.87,4.56,111.95,5.97,0
7873,220901242-212,2,64.51,32,51.37,-2.2,-9,-0.93,5.19,4.81,125.26,6.7,0
7874,220901151-112,1,67.62,25,53.38,-2.56,-8.82,-0.86,4.76,4.9,121.43,8.8,0
7875,220901211-212,2,61.37,27,51.94,-2.41,-7.75,-0.55,4.75,4.34,128.96,6.03,0
7876,220901111-512,5,55.71,35,46.64,-2.51,-7.85,-0.77,5.41,5.01,155.06,8,0
7877,220901081-213,2,61.37,27,52.11,-2.7,-8.71,-0.52,4.48,4.22,133.32,6.53,0
7878,220901341-211,2,68.93,71,58.15,-2.31,-8.34,-0.41,4.21,4.14,120.29,7.01,0
7879,220901242-211,2,60.23,35,51.49,-2.06,-7.59,-0.71,5.7,4.25,113.18,6.51,0
7880,220901151-111,1,56.32,38,53.53,-2.33,-8.61,-1.31,5.65,4.88,112.47,6.51,0
7881,220901051-111,1,57.68,35,48.29,-2.21,-7.52,-0.67,5.42,4.6,124.98,6.5,0
7882,220901201-211,2,61.87,25,53.54,-1.74,-6.94,-0.49,5.26,4.97,126.03,6.54,0
7883,220901211-211,2,63.77,25,52.32,-2.05,-7.21,-0.77,5.71,4.57,128.18,6.8,0
7884,220900972-111,1,73.72,19,64.74,-2.25,-8.46,-1.21,5.03,4.73,121,6.54,0
7885,220901331-112,1,64.19,31,53.61,-2.95,-8.36,-1.02,5.71,5.44,108.34,4.94,0
7886,220901181-111,1,57.96,73,49.04,-2.88,-7.67,-0.65,5.95,5.61,122.03,6.51,0
7887,220901141-111,1,57.39,60,49.27,-2.01,-5.9,-0.9,5.65,5.2,121.15,6.53,0
7888,220901091-111,1,61.02,34,52.21,-2.57,-8.14,-0.44,5.1,5.27,125.49,6.54,0
7889,220901331-111,1,64.23,30,53.6,-3.07,-7.81,-0.03,4.71,4.79,152.65,7.01,0
7890,220801302-611,6,69.35,51,55.81,-2.74,-10.14,0.01,4.39,4.24,148.87,10.72,0
7891,220901252-213,2,52.62,33,42.98,-2.37,-6.97,-0.66,5.21,4.74,126.87,6.53,0
7892,220901421-512,5,57.69,23,49.06,-1.72,-7.01,-0.15,4.97,4.68,131.73,7.4,0
7893,220901252-212,2,51.89,41,42.9,-2.48,-6.34,-0.36,5.24,4.63,111.99,6.5,0
7894,220901421-511,5,56.83,66,48.25,-2.53,-7.72,0,6.17,5.64,122.38,7.01,0
7895,220901271-211,2,65.33,59,52.97,-2.99,-9.1,0.52,4.13,4.86,123.13,6.53,0
7896,220901252-211,2,51.74,72,42.83,-2.47,-7.28,-0.04,5.24,5.18,127.94,6.51,0
7897,220801432-712,7,65.49,46,52.35,-3.88,-10.12,0.51,4.94,5.03,120.76,6.5,0
7898,220801432-711,7,65.44,33,53.04,-2.86,-9.74,0.78,4.28,4.01,131.13,6.51,0
7899,220901231-111,1,61.64,26,47.43,-1.99,-7.82,-0.73,4.32,4.61,123.97,7.03,0
7900,220801382-611,6,83.53,26,68.66,-3.78,-10.73,-1.04,4.72,4.69,148.71,8.5,0
7901,220901021-431,4,51.19,19,50.36,-2.45,-7.17,-0.66,4.57,4.55,141.64,7.51,0
7902,220901081-111,1,61.03,44,52.16,-2.69,-8.7,-0.18,4.35,4.27,127.9,6.52,0
7903,220901061-213,2,58.01,33,48.65,-2.06,-7.95,-0.3,4.65,4.53,128.61,6.52,0
7904,220901061-212,2,58.19,33,48.45,-2.36,-7.35,-0.5,4.77,4.6,59.12,-14.39,0
7905,220901101-312,3,56.46,41,47.44,-2.85,-8.19,-0.28,5.54,5.27,120.21,6.51,0
7906,220901111-312,3,56.84,39,46.4,-2.75,-7.72,-0.17,5.44,5.4,45.43,4.5,0
7907,220801071-611,6,60.85,43,49.54,-2.16,-6.9,0.13,4.57,4.35,119.8,10.2,0
7908,220901421-413,4,55.72,64,48.93,-2.35,-6.85,0.04,3.22,3.42,123.71,7.19,0
7909,220901271-113,1,59.53,44,54.05,-2.38,-7.86,-0.43,5.09,4.85,123.65,6.51,0
7910,220900982-111,1,63,82,52.46,-2.83,-6.99,-0.14,4.67,4.15,127.45,6.53,0
7911,220901411-111,1,68,23,54.78,-2.22,-9.51,-1.52,5.92,5.53,8.58,0.99,0
7912,220901121-112,1,59.86,20,48.23,-2.48,-8.15,-0.76,5.93,5.39,156.26,7.53,0
7913,220901421-412,4,59.65,29,49.08,-1.48,-7.29,-0.31,5.05,4.64,57.04,2.2,0
7914,220801142-612,6,58.19,25,48.7,-2.53,-6.29,-1.54,5.21,4.51,76.9,3.8,0
7915,220901121-111,1,59.31,16,48.34,-1.79,-8.25,-0.52,5.98,5.6,150.26,7.53,0
7916,220901271-111,1,62.72,30,54.51,-1.48,-7.43,0.41,4.37,4.62,128.46,6.54,0
7917,220801032-611,6,83.06,24,70.75,-3.22,-9.08,-0.54,4.97,4.95,132.96,7.51,0
7918,220801382-511,5,82.78,41,68.75,-3.71,-10.38,-0.86,5.37,4.98,145.94,8.7,0
7919,220801091-511,5,63.79,31,51.73,-3.07,-8.72,-0.55,5.05,4.89,123.9,6.7,0
7920,220900971-311,3,72.64,28,64.68,-2.82,-7.8,-1.02,4.52,3.99,93.37,1.08,0
7921,220801341-413,4,69.87,21,57.92,-2.46,-8.67,-0.18,4.32,4.48,117.09,6.37,0
7922,220801341-412,4,69.04,19,58.22,-2.13,-8.39,-0.63,5.24,5.15,148.99,7,0
7923,220901371-112,1,62.89,63,50.14,-2.95,-10.35,-0.8,5.96,5.02,136.46,8.54,0
7924,220901241-211,2,60.17,29,51.24,-2.15,-7.56,-0.63,5.29,5.15,109.63,6.43,0
7925,220801401-511,5,66.87,29,55.07,-2.82,-9.86,-1.23,5.32,4.32,125.88,6.52,0
7926,220901001-112,1,62.6,26,51.51,-2.22,-9.12,-0.27,5.42,4.9,136.74,7.53,0
7927,220901371-111,1,61.66,50,50.22,-2.95,-9.26,-0.66,4.73,4.44,111.13,6.67,0
7928,220901001-111,1,63.08,45,51.79,-2.02,-9.11,0.38,4.76,4.17,166.77,7.51,0
7929,220900971-212,2,73.9,22,64.35,-3,-8.16,-1.66,5.15,4.84,110.88,5.84,0
7930,220801311-512,5,58.28,54,48.59,-3.08,-7.87,-1.04,5.31,4.78,135.51,8.27,0
7931,220901351-111,1,53.51,147,45.74,-1.4,-5.51,0.18,3.11,3.75,109.54,7.04,0
7932,220900971-211,2,75.21,43,63.92,-3.96,-9.05,-1.02,5.94,5.11,120.64,6.5,0
7933,220801391-511,5,68.57,30,55.94,-2.51,-9.58,-0.62,4.69,4.72,124.48,6.5,0
7934,220801181-412,4,59.1,35,49.19,-2.76,-8.25,-0.7,5.06,5.04,130.8,6.7,0
7935,220801382-411,4,82.63,38,68.31,-4.22,-10.93,-0.84,4.69,4.82,147.1,8.8,0
7936,220801121-411,4,60.22,67,47.29,-3.13,-8.83,-0.02,5.03,4.4,151.98,7.51,0
7937,220901421-213,2,59.39,41,49.13,-2.04,-7.09,-7.07,4.34,4.14,63.06,6.4,0
7938,220900981-211,2,63.98,59,52.23,-3.48,-8.19,0.69,3.94,3.87,52.8,3.55,0
7939,220901421-212,2,60.11,42,49.09,-1.99,-7.02,-0.25,5.77,5.32,56.52,5.63,0
7940,220801401-411,4,67.1,58,54.8,-3.55,-10.03,-1.04,5.35,4.6,124.36,6.71,0
7941,220801151-411,4,63.49,37,54.03,-1.98,-7.67,-0.44,4.01,3.79,130.83,6.5,0
7942,220901171-311,3,61.38,40,57.34,-3.17,-9.39,-0.33,4.98,4.53,125.73,7.4,0
7943,220801442-411,4,61.73,28,51.2,-1.88,-8.51,-0.44,4.96,4.5,87.48,4.76,0
7944,220801302-312,3,66.79,18,56.29,-2.27,-10.41,-0.65,5.25,4.72,147.85,11.03,0
7945,220901251-212,2,52.25,26,44.06,-1.93,-6.77,-0.38,6.12,6.3,118.46,7.6,0
7946,220801302-311,3,69.29,106,55.92,-4.08,-10.86,-0.2,4.74,4.49,145.3,11.08,0
7947,220801232-321,3,56.42,28,47.22,-2.24,-8.08,0.09,4.72,4.66,124.16,7.02,0
7948,220801341-311,3,69.74,22,58.19,-2.28,-7.91,-1.06,5.76,4.86,130.65,7.02,0
7949,220901161-111,1,61.68,36,51.18,-2.92,-8.19,0.11,5.48,5.48,129.39,6.4,0
7950,220801142-311,3,58.98,42,48.96,-2.49,-7.16,-0.54,4.66,3.96,122.21,6.54,0
7951,220801211-311,3,64.67,28,52.08,-2.23,-7.54,-0.6,4.93,4.89,106.9,6.02,0
7952,220801181-312,3,60.92,1,51.29,-0.63,-6.72,-2.24,4.69,4.41,120.94,8.87,0
7953,220801002-322,3,63.55,16,51.35,-2.55,-8.39,-1.2,6.37,5.77,137.53,7.53,0
7954,220900981-111,1,62.85,37,52.82,-2.46,-6.91,-0.29,4.81,4.73,135.47,7.04,0
7955,220801382-311,3,82.25,24,68.46,-3.41,-10.26,-1.66,5.19,5.2,132.52,8.39,0
7956,220801181-311,3,59.65,64,49.25,-3.25,-7.64,0.21,4.51,4.45,69.68,2.51,0
7957,220801002-321,3,59.94,14,51.07,-2.41,-8.38,-0.74,6.01,5.55,134.46,7.53,0
7958,220801351-311,3,52.1,63,45.59,-1.52,-5.7,-0.29,4.12,4.24,147.62,7,0
7959,220801261-212,2,61.42,40,53.12,-2.67,-8.47,-0.17,4.68,4.57,128.18,6.51,0
7960,220801261-211,2,63.34,71,52.47,-3.38,-7.9,-0.21,4.84,4.66,126.4,6.54,0
7961,220801372-221,2,62.76,33,49.9,-2.8,-7.38,-0.77,5.56,5.29,137.36,9,0
7962,220801302-221,2,72.27,51,56.66,-3.34,-10.31,-0.15,5.03,4.72,122.74,9.18,0
7963,220801002-311,3,60.72,48,50.93,-3.06,-8.39,-0.45,5.14,4.65,93.05,5.17,0
7964,220800991-214,2,59.34,26,50.52,-1.73,-6.56,-0.47,4.8,4.91,113.05,5.87,0
7965,220801121-211,2,59.39,34,48.49,-2.49,-8.16,-0.9,4.89,4.04,154.02,7.51,0
7966,220800991-213,2,58.27,25,50.3,-1.99,-7.04,-14.42,5.64,4.94,132.35,6.51,0
7967,220801362-211,2,64.15,39,53.55,-1.99,-7.64,-0.44,4.23,4.08,114.51,6.53,0
7968,220801281-211,2,71.1,31,57.01,-3.34,-10.09,-1.34,4.61,4.17,76.2,3.94,0
7969,220801332-211,2,65.29,43,54.05,-4.19,-5.69,-0.79,4.12,3.95,125.56,6.65,0
7970,220801181-211,2,61.41,36,49.65,-2.86,-8.19,0.04,4.46,4.42,149.08,6.53,0
7971,220901171-111,1,68.93,67,57.99,-2.83,-9.09,-0.04,5.25,4.76,127.79,6.53,0
7972,220801302-211,2,67.75,66,57.27,-2.59,-9.32,-0.11,4.81,4.72,147.7,10.01,0
7973,220801021-211,2,58.75,53,50.14,-2.37,-7.41,-0.37,4.88,4.82,141.68,7.51,0
7974,220801382-211,2,80.97,43,68.42,-3.55,-10.38,-0.11,4.32,4.43,169.83,9.5,0
7975,220801292-112,1,65.13,17,53.14,-1.92,-7.89,-1.21,5.99,5.59,126.87,6.19,0
7976,220800991-112,1,59.5,39,48.21,-2.16,-7.48,-0.48,4.84,4.65,120.01,7.03,0
7977,220801091-111,1,64.56,18,52.32,-2.93,-8.15,-0.3,3.81,4.04,124.31,10.4,0
7978,220801051-111,1,56.7,83,48.38,-2.92,-6.98,-0.79,5.66,4.91,125.06,6.53,0
7979,220801341-112,1,68.12,43,57.71,-3.26,-9.19,-0.39,4.99,5.09,60.95,6.19,0
7980,220801302-112,1,67.08,35,57.25,-2.69,-8.99,0.47,4.22,4.36,154.84,10.8,0
7981,220801332-111,1,62.69,34,54.65,-1.69,-7.5,-0.09,5.19,5.53,231.42,7.02,0
7982,220801011-111,1,65.75,60,52.05,-2.53,-7.94,-0.6,5.11,5.19,143.4,8.02,0
7983,220801232-111,1,57.41,36,47.27,-2.74,-7.9,-0.27,4.73,4.44,123.82,7.02,0
7984,220801432-121,1,53.86,21,53.52,-2.29,-9.17,0.36,5.46,5.36,128.76,6.52,0
7985,220801302-111,1,67.03,50,57.1,-2.88,-8.9,-0.47,5.51,5.74,147.23,8.52,0
7986,220801281-111,1,69.7,41,56.9,-3.47,-10.28,-1.02,5.47,4.95,126.59,6.5,0
7987,220801272-112,1,65.4,32,53.69,-2.5,-8.82,-0.53,6.05,5.03,124.87,6.54,0
7988,220801181-111,1,58.8,59,50.3,-2.08,-7.28,-0.35,4.47,4.05,129.69,10.9,0
7989,220801272-111,1,58.72,52,53.91,-1.02,-8.14,-0.18,5.47,5.11,122.53,9.32,0
7990,220801432-111,1,64.06,32,54.02,-1.51,-8.25,1.1,4.17,4.42,167.59,6.99,0
